Label (Grouping),Florida!!Total!!Estimate,Florida!!Total!!Margin of Error,Florida!!Moved; within same county!!Estimate,Florida!!Moved; within same county!!Margin of Error,"Florida!!Moved; from different county, same state!!Estimate","Florida!!Moved; from different county, same state!!Margin of Error",Florida!!Moved; from different  state!!Estimate,Florida!!Moved; from different  state!!Margin of Error,Florida!!Moved; from abroad!!Estimate,Florida!!Moved; from abroad!!Margin of Error,Label (Grouping),Florida!!Total!!Estimate,Florida!!Total!!Margin of Error,Florida!!Moved; within same county!!Estimate,Florida!!Moved; within same county!!Margin of Error,"Florida!!Moved; from different county, same state!!Estimate","Florida!!Moved; from different county, same state!!Margin of Error",Florida!!Moved; from different  state!!Estimate,Florida!!Moved; from different  state!!Margin of Error,Florida!!Moved; from abroad!!Estimate,Florida!!Moved; from abroad!!Margin of Error,Label (Grouping),Florida!!Total!!Estimate,Florida!!Total!!Margin of Error,Florida!!Moved; within same county!!Estimate,Florida!!Moved; within same county!!Margin of Error,"Florida!!Moved; from different county, same state!!Estimate","Florida!!Moved; from different county, same state!!Margin of Error",Florida!!Moved; from different  state!!Estimate,Florida!!Moved; from different  state!!Margin of Error,Florida!!Moved; from abroad!!Estimate,Florida!!Moved; from abroad!!Margin of Error,Label (Grouping),Florida!!Total!!Estimate,Florida!!Total!!Margin of Error,Florida!!Moved; within same county!!Estimate,Florida!!Moved; within same county!!Margin of Error,"Florida!!Moved; from different county, same state!!Estimate","Florida!!Moved; from different county, same state!!Margin of Error",Florida!!Moved; from different  state!!Estimate,Florida!!Moved; from different  state!!Margin of Error,Florida!!Moved; from abroad!!Estimate,Florida!!Moved; from abroad!!Margin of Error,Label (Grouping),Florida!!Total!!Estimate,Florida!!Total!!Margin of Error,Florida!!Moved; within same county!!Estimate,Florida!!Moved; within same county!!Margin of Error,"Florida!!Moved; from different county, same state!!Estimate","Florida!!Moved; from different county, same state!!Margin of Error",Florida!!Moved; from different  state!!Estimate,Florida!!Moved; from different  state!!Margin of Error,Florida!!Moved; from abroad!!Estimate,Florida!!Moved; from abroad!!Margin of Error,Label (Grouping),Florida!!Total!!Estimate,Florida!!Total!!Margin of Error,Florida!!Moved; within same county!!Estimate,Florida!!Moved; within same county!!Margin of Error,"Florida!!Moved; from different county, same state!!Estimate","Florida!!Moved; from different county, same state!!Margin of Error",Florida!!Moved; from different  state!!Estimate,Florida!!Moved; from different  state!!Margin of Error,Florida!!Moved; from abroad!!Estimate,Florida!!Moved; from abroad!!Margin of Error,Label (Grouping),Florida!!Total!!Estimate,Florida!!Total!!Margin of Error,Florida!!Moved; within same county!!Estimate,Florida!!Moved; within same county!!Margin of Error,"Florida!!Moved; from different county, same state!!Estimate","Florida!!Moved; from different county, same state!!Margin of Error",Florida!!Moved; from different  state!!Estimate,Florida!!Moved; from different  state!!Margin of Error,Florida!!Moved; from abroad!!Estimate,Florida!!Moved; from abroad!!Margin of Error,Label (Grouping),Florida!!Total!!Estimate,Florida!!Total!!Margin of Error,Florida!!Moved; within same county!!Estimate,Florida!!Moved; within same county!!Margin of Error,"Florida!!Moved; from different county, same state!!Estimate","Florida!!Moved; from different county, same state!!Margin of Error",Florida!!Moved; from different  state!!Estimate,Florida!!Moved; from different  state!!Margin of Error,Florida!!Moved; from abroad!!Estimate,Florida!!Moved; from abroad!!Margin of Error,Label (Grouping),Florida!!Total!!Estimate,Florida!!Total!!Margin of Error,Florida!!Moved; within same county!!Estimate,Florida!!Moved; within same county!!Margin of Error,"Florida!!Moved; from different county, same state!!Estimate","Florida!!Moved; from different county, same state!!Margin of Error",Florida!!Moved; from different  state!!Estimate,Florida!!Moved; from different  state!!Margin of Error,Florida!!Moved; from abroad!!Estimate,Florida!!Moved; from abroad!!Margin of Error,Label (Grouping),Florida!!Total!!Estimate,Florida!!Total!!Margin of Error,Florida!!Moved; within same county!!Estimate,Florida!!Moved; within same county!!Margin of Error,"Florida!!Moved; from different county, same state!!Estimate","Florida!!Moved; from different county, same state!!Margin of Error",Florida!!Moved; from different  state!!Estimate,Florida!!Moved; from different  state!!Margin of Error,Florida!!Moved; from abroad!!Estimate,Florida!!Moved; from abroad!!Margin of Error,Label (Grouping),Florida!!Total!!Estimate,Florida!!Total!!Margin of Error,Florida!!Moved; within same county!!Estimate,Florida!!Moved; within same county!!Margin of Error,"Florida!!Moved; from different county, same state!!Estimate","Florida!!Moved; from different county, same state!!Margin of Error",Florida!!Moved; from different  state!!Estimate,Florida!!Moved; from different  state!!Margin of Error,Florida!!Moved; from abroad!!Estimate,Florida!!Moved; from abroad!!Margin of Error
Population 1 year and over,"21,590,684","±8,058",7.10%,±0.2,3.10%,±0.1,3.10%,±0.1,0.60%,±0.1,Population 1 year and over,"21,269,409","±9,193",8.10%,±0.2,3.10%,±0.1,2.80%,±0.1,1.00%,±0.1,Population 1 year and over,"21,092,877","±8,313",8.30%,±0.2,3.20%,±0.1,2.80%,±0.1,1.10%,±0.1,Population 1 year and over,"20,772,371","±8,045",8.40%,±0.2,3.20%,±0.1,2.70%,±0.1,1.20%,±0.1,Population 1 year and over,"20,401,575","±7,828",8.70%,±0.2,3.00%,±0.1,3.00%,±0.1,1.10%,±0.1,Population 1 year and over,"20,068,392","±6,492",9.00%,±0.2,3.10%,±0.1,2.90%,±0.1,1.10%,±0.1,Population 1 year and over,"19,683,763","±7,910",9.30%,±0.2,3.10%,±0.1,2.80%,±0.1,1.00%,±0.1,Population 1 year and over,"19,345,059","±7,799",9.50%,±0.2,3.10%,±0.1,2.70%,±0.1,0.90%,±0.1,Population 1 year and over,"19,114,620","±6,877",9.50%,±0.2,3.00%,±0.1,2.80%,±0.1,0.90%,±0.1,Population 1 year and over,"18,863,948","±8,536",10.00%,±0.3,3.00%,±0.1,2.60%,±0.1,0.90%,±0.1,Population 1 year and over,"18,647,600","±7,733",10.30%,±0.2,2.90%,±0.1,2.60%,±0.1,0.80%,±0.1
    AGE,,,,,,,,,,,    AGE,,,,,,,,,,,    AGE,,,,,,,,,,,AGE,,,,,,,,,,,AGE,,,,,,,,,,,AGE,,,,,,,,,,,AGE,,,,,,,,,,,AGE,,,,,,,,,,,AGE,,,,,,,,,,,AGE,,,,,,,,,,,AGE,,,,,,,,,,
        1 to 4 years,"901,510","±8,772",10.30%,±1.0,3.80%,±0.4,3.20%,±0.5,0.90%,±0.3,        1 to 4 years,"922,820","±10,242",11.90%,±0.8,3.10%,±0.4,3.20%,±0.4,1.10%,±0.3,        1 to 4 years,"928,944","±8,001",12.20%,±0.9,3.40%,±0.5,3.10%,±0.4,1.00%,±0.2,    1 to 4 years,"917,293","±9,292",12.00%,±0.8,3.60%,±0.4,2.90%,±0.5,1.40%,±0.3,    1 to 4 years,"906,603","±8,126",13.50%,±0.9,3.10%,±0.4,3.50%,±0.4,1.10%,±0.3,    1 to 4 years,"895,393","±7,793",13.60%,±0.8,3.50%,±0.4,3.40%,±0.4,1.10%,±0.3,    1 to 4 years,"868,038","±7,748",13.60%,±0.9,3.30%,±0.4,3.20%,±0.4,1.10%,±0.3,    1 to 4 years,"866,248","±8,302",15.00%,±0.9,3.40%,±0.5,2.80%,±0.4,0.90%,±0.2,    1 to 4 years,"867,397","±7,144",15.20%,±0.9,3.30%,±0.5,3.30%,±0.4,1.00%,±0.2,    1 to 4 years,"880,730","±9,199",15.60%,±0.9,3.60%,±0.5,3.10%,±0.6,0.70%,±0.2,    1 to 4 years,"872,260","±7,986",16.10%,±0.9,3.20%,±0.4,2.90%,±0.3,0.50%,±0.1
        5 to 17 years,"3,195,869","±4,131",7.60%,±0.5,2.60%,±0.2,2.60%,±0.3,0.60%,±0.1,        5 to 17 years,"3,100,807","±5,278",8.50%,±0.5,2.50%,±0.3,2.00%,±0.2,1.00%,±0.1,        5 to 17 years,"3,092,483","±5,060",8.90%,±0.5,2.60%,±0.2,2.30%,±0.3,1.20%,±0.2,    5 to 17 years,"3,071,458","±4,585",9.20%,±0.5,2.40%,±0.2,1.90%,±0.2,1.40%,±0.2,    5 to 17 years,"3,027,673","±4,366",9.30%,±0.4,2.30%,±0.2,2.30%,±0.2,1.10%,±0.1,    5 to 17 years,"3,004,716","±3,565",10.20%,±0.5,2.40%,±0.2,2.10%,±0.2,1.00%,±0.1,    5 to 17 years,"2,976,451","±3,914",10.10%,±0.4,2.50%,±0.3,2.20%,±0.2,0.90%,±0.1,    5 to 17 years,"2,954,681","±3,358",10.50%,±0.5,2.60%,±0.3,2.30%,±0.3,0.80%,±0.1,    5 to 17 years,"2,930,628","±3,674",10.70%,±0.5,2.40%,±0.3,2.50%,±0.3,0.90%,±0.1,    5 to 17 years,"2,920,626","±5,253",11.80%,±0.6,2.10%,±0.2,2.10%,±0.2,0.80%,±0.1,    5 to 17 years,"2,931,533","±5,076",11.40%,±0.5,2.30%,±0.2,2.10%,±0.2,0.80%,±0.1
        18 to 24 years,"1,731,183","±7,357",10.50%,±0.6,7.80%,±0.5,4.80%,±0.4,0.90%,±0.1,        18 to 24 years,"1,761,280","±7,725",11.60%,±0.6,6.80%,±0.4,4.60%,±0.3,1.60%,±0.2,        18 to 24 years,"1,769,325","±8,687",12.40%,±0.6,7.10%,±0.4,4.00%,±0.3,1.50%,±0.2,    18 to 24 years,"1,763,443","±7,379",12.40%,±0.6,6.90%,±0.4,4.30%,±0.3,1.50%,±0.2,    18 to 24 years,"1,763,628","±7,377",13.50%,±0.5,7.10%,±0.4,4.00%,±0.3,1.40%,±0.2,    18 to 24 years,"1,774,002","±7,744",13.50%,±0.6,7.10%,±0.4,4.30%,±0.3,1.50%,±0.2,    18 to 24 years,"1,798,078","±6,225",14.40%,±0.6,7.20%,±0.4,4.10%,±0.3,1.40%,±0.2,    18 to 24 years,"1,797,134","±6,806",14.80%,±0.6,7.10%,±0.4,4.50%,±0.3,1.20%,±0.2,    18 to 24 years,"1,812,848","±6,118",14.90%,±0.6,7.00%,±0.4,4.40%,±0.3,1.10%,±0.2,    18 to 24 years,"1,795,011","±8,185",16.50%,±0.7,7.30%,±0.5,4.10%,±0.4,1.40%,±0.3,    18 to 24 years,"1,766,628","±7,478",16.60%,±0.6,7.40%,±0.5,4.00%,±0.4,1.30%,±0.2
        25 to 34 years,"2,738,541","±10,025",11.40%,±0.5,5.10%,±0.3,4.60%,±0.3,1.00%,±0.2,        25 to 34 years,"2,768,060","±10,450",13.30%,±0.6,5.40%,±0.3,3.80%,±0.3,1.40%,±0.2,        25 to 34 years,"2,758,515","±9,617",13.30%,±0.5,5.40%,±0.3,3.60%,±0.3,1.60%,±0.2,    25 to 34 years,"2,707,837","±8,752",13.40%,±0.4,5.40%,±0.3,3.80%,±0.3,1.70%,±0.2,    25 to 34 years,"2,660,916","±7,021",13.70%,±0.5,4.80%,±0.3,4.20%,±0.3,1.80%,±0.2,    25 to 34 years,"2,593,253","±9,463",14.30%,±0.5,5.60%,±0.3,4.00%,±0.2,1.70%,±0.2,    25 to 34 years,"2,512,629","±7,641",14.50%,±0.4,5.30%,±0.3,3.90%,±0.3,1.50%,±0.2,    25 to 34 years,"2,435,386","±7,907",15.70%,±0.5,5.30%,±0.3,3.70%,±0.2,1.40%,±0.1,    25 to 34 years,"2,381,017","±5,784",15.30%,±0.5,5.20%,±0.3,3.70%,±0.3,1.20%,±0.1,    25 to 34 years,"2,328,282","±9,895",16.20%,±0.6,5.00%,±0.4,3.80%,±0.3,1.50%,±0.2,    25 to 34 years,"2,270,950","±7,740",17.50%,±0.6,5.30%,±0.3,3.60%,±0.3,1.30%,±0.2
        35 to 44 years,"2,728,862","±9,453",8.10%,±0.4,3.50%,±0.2,2.90%,±0.2,0.60%,±0.1,        35 to 44 years,"2,612,250","±9,864",9.10%,±0.5,3.20%,±0.2,3.00%,±0.3,1.20%,±0.2,        35 to 44 years,"2,586,704","±7,553",9.60%,±0.5,3.40%,±0.3,2.80%,±0.2,1.20%,±0.2,    35 to 44 years,"2,535,767","±7,857",9.10%,±0.4,3.50%,±0.3,2.40%,±0.2,1.70%,±0.2,    35 to 44 years,"2,467,080","±8,043",10.10%,±0.5,3.40%,±0.3,2.70%,±0.2,1.40%,±0.2,    35 to 44 years,"2,463,472","±6,473",10.20%,±0.5,3.20%,±0.2,2.60%,±0.3,1.20%,±0.2,    35 to 44 years,"2,432,609","±6,425",10.40%,±0.5,3.30%,±0.2,2.70%,±0.3,1.20%,±0.2,    35 to 44 years,"2,409,505","±7,254",10.60%,±0.5,3.20%,±0.3,2.50%,±0.3,1.10%,±0.2,    35 to 44 years,"2,408,804","±6,574",10.40%,±0.5,2.90%,±0.3,2.90%,±0.3,1.00%,±0.1,    35 to 44 years,"2,408,924","±6,707",11.60%,±0.6,3.00%,±0.3,2.60%,±0.3,1.00%,±0.2,    35 to 44 years,"2,437,991","±7,313",11.10%,±0.4,2.90%,±0.2,2.50%,±0.2,0.80%,±0.1
        45 to 54 years,"2,717,108","±8,698",6.40%,±0.3,2.50%,±0.2,2.60%,±0.2,0.50%,±0.1,        45 to 54 years,"2,708,234","±7,661",7.10%,±0.3,2.40%,±0.2,2.30%,±0.2,0.70%,±0.1,        45 to 54 years,"2,741,968","±7,742",7.20%,±0.4,2.50%,±0.2,2.20%,±0.1,0.80%,±0.1,    45 to 54 years,"2,761,337","±6,965",7.40%,±0.3,2.50%,±0.3,2.20%,±0.2,0.80%,±0.1,    45 to 54 years,"2,755,495","±5,693",7.20%,±0.4,2.50%,±0.2,2.30%,±0.2,1.10%,±0.1,    45 to 54 years,"2,743,332","±6,247",7.40%,±0.3,2.60%,±0.2,2.30%,±0.2,0.80%,±0.1,    45 to 54 years,"2,730,745","±6,443",7.80%,±0.3,2.40%,±0.2,2.20%,±0.2,0.80%,±0.1,    45 to 54 years,"2,726,761","±6,411",7.60%,±0.4,2.40%,±0.2,2.00%,±0.2,0.60%,±0.1,    45 to 54 years,"2,739,867","±5,712",7.60%,±0.4,2.30%,±0.2,2.20%,±0.1,0.70%,±0.1,    45 to 54 years,"2,739,211","±7,050",7.60%,±0.4,2.20%,±0.2,2.00%,±0.2,0.70%,±0.1,    45 to 54 years,"2,739,968","±5,913",8.10%,±0.3,2.10%,±0.2,2.10%,±0.2,0.60%,±0.1
        55 to 64 years,"2,978,615","±4,704",4.80%,±0.3,1.90%,±0.2,2.90%,±0.2,0.50%,±0.1,        55 to 64 years,"2,897,760","±3,821",5.70%,±0.3,2.10%,±0.2,2.60%,±0.2,0.70%,±0.1,        55 to 64 years,"2,856,154","±5,304",5.30%,±0.3,2.10%,±0.2,2.60%,±0.2,0.70%,±0.1,    55 to 64 years,"2,800,004","±5,304",5.70%,±0.3,2.10%,±0.2,2.70%,±0.2,0.80%,±0.1,    55 to 64 years,"2,729,416","±4,500",5.40%,±0.3,2.00%,±0.2,2.90%,±0.2,0.80%,±0.1,    55 to 64 years,"2,648,991","±4,358",5.70%,±0.3,2.00%,±0.2,2.80%,±0.2,0.70%,±0.1,    55 to 64 years,"2,574,259","±4,406",5.80%,±0.3,2.00%,±0.1,2.40%,±0.2,0.80%,±0.1,    55 to 64 years,"2,511,061","±4,047",5.80%,±0.3,1.80%,±0.1,2.60%,±0.2,0.70%,±0.1,    55 to 64 years,"2,465,232","±3,614",5.60%,±0.3,1.90%,±0.2,2.40%,±0.2,0.60%,±0.1,    55 to 64 years,"2,431,769","±4,715",5.20%,±0.3,2.00%,±0.2,2.40%,±0.2,0.70%,±0.1,    55 to 64 years,"2,355,071","±4,101",5.60%,±0.3,1.70%,±0.2,2.30%,±0.2,0.70%,±0.1
        65 to 74 years,"2,593,260","±5,381",3.50%,±0.2,1.50%,±0.2,3.00%,±0.2,0.60%,±0.2,        65 to 74 years,"2,463,083","±5,547",4.10%,±0.3,1.60%,±0.2,2.80%,±0.2,0.70%,±0.1,        65 to 74 years,"2,404,234","±5,362",4.10%,±0.3,1.60%,±0.2,3.00%,±0.2,0.80%,±0.1,    65 to 74 years,"2,344,869","±4,757",3.90%,±0.3,1.60%,±0.1,2.80%,±0.2,0.90%,±0.1,    65 to 74 years,"2,278,240","±4,205",3.90%,±0.2,1.50%,±0.2,3.20%,±0.2,0.90%,±0.2,    65 to 74 years,"2,185,122","±4,156",4.00%,±0.2,1.50%,±0.2,3.30%,±0.3,1.00%,±0.2,    65 to 74 years,"2,083,890","±3,796",4.20%,±0.3,1.40%,±0.2,3.00%,±0.2,0.80%,±0.1,    65 to 74 years,"1,984,921","±4,095",4.10%,±0.3,1.40%,±0.2,2.70%,±0.2,0.90%,±0.1,    65 to 74 years,"1,899,082","±4,334",3.70%,±0.3,1.10%,±0.1,2.60%,±0.2,0.90%,±0.1,    65 to 74 years,"1,777,707","±5,122",3.50%,±0.3,1.20%,±0.2,2.40%,±0.3,0.80%,±0.1,    65 to 74 years,"1,738,684","±4,055",3.30%,±0.3,1.00%,±0.2,2.40%,±0.2,0.70%,±0.1
        75 years and over,"2,005,736","±5,156",3.60%,±0.3,1.20%,±0.1,2.00%,±0.2,0.50%,±0.1,        75 years and over,"2,035,115","±5,172",4.40%,±0.2,1.30%,±0.2,1.80%,±0.2,0.50%,±0.1,        75 years and over,"1,954,550","±4,241",4.20%,±0.2,1.40%,±0.2,2.00%,±0.2,0.50%,±0.1,    75 years and over,"1,870,363","±4,275",4.60%,±0.3,1.30%,±0.2,2.10%,±0.2,0.50%,±0.1,    75 years and over,"1,812,524","±3,484",4.50%,±0.3,1.30%,±0.2,2.20%,±0.2,0.60%,±0.1,    75 years and over,"1,760,111","±3,860",4.20%,±0.2,1.20%,±0.1,2.10%,±0.2,0.50%,±0.1,    75 years and over,"1,707,064","±3,642",4.60%,±0.3,1.30%,±0.2,1.80%,±0.2,0.60%,±0.1,    75 years and over,"1,659,362","±4,454",4.10%,±0.3,1.30%,±0.2,1.90%,±0.2,0.50%,±0.1,    75 years and over,"1,609,745","±4,018",4.00%,±0.3,1.10%,±0.2,1.80%,±0.2,0.50%,±0.1,    75 years and over,"1,581,688","±3,438",3.80%,±0.3,1.20%,±0.2,1.80%,±0.2,0.50%,±0.1,    75 years and over,"1,534,515","±3,406",4.00%,±0.3,1.10%,±0.2,1.80%,±0.2,0.30%,±0.1
        Median age (years),43.1,±0.1,32.6,±0.6,30.5,±0.6,36.7,±1.3,35.5,±1.7,        Median age (years),42.8,±0.2,32.5,±0.5,30.8,±0.5,37.5,±0.9,34.4,±1.0,        Median age (years),42.6,±0.1,31.8,±0.5,30.2,±0.7,37.3,±1.2,33.8,±1.2,Median age (years),42.5,±0.1,31.4,±0.5,30.7,±0.8,37.9,±1.6,34.1,±1.1,Median age (years),42.5,±0.1,31.2,±0.5,30.8,±0.7,37.2,±1.3,35.7,±1.7,Median age (years),42.2,±0.1,30.6,±0.3,29.9,±0.5,37.5,±1.2,33.7,±1.4,Median age (years),42.1,±0.1,30.8,±0.4,29.9,±0.6,36.2,±1.2,35,±1.7,Median age (years),41.9,±0.1,30.1,±0.4,29.3,±0.6,35.2,±1.2,35.2,±1.3,Median age (years),41.6,±0.2,29.6,±0.4,29,±0.6,35.1,±1.2,35.7,±1.9,Median age (years),41.4,±0.2,28.8,±0.4,28.9,±0.7,34.4,±1.4,33.4,±1.5,Median age (years),41.1,±0.1,29.1,±0.3,28.2,±0.6,35.1,±1.1,33.2,±1.8
    SEX,,,,,,,,,,,    SEX,,,,,,,,,,,    SEX,,,,,,,,,,,SEX,,,,,,,,,,,SEX,,,,,,,,,,,SEX,,,,,,,,,,,SEX,,,,,,,,,,,SEX,,,,,,,,,,,SEX,,,,,,,,,,,SEX,,,,,,,,,,,SEX,,,,,,,,,,
        Male,"10,620,837","±9,875",7.10%,±0.2,3.30%,±0.1,3.20%,±0.1,0.60%,±0.1,        Male,"10,390,602","±9,947",8.20%,±0.2,3.40%,±0.1,2.80%,±0.1,1.00%,±0.1,        Male,"10,298,301","±8,156",8.30%,±0.2,3.40%,±0.1,2.80%,±0.1,1.00%,±0.1,    Male,"10,149,244","±8,512",8.40%,±0.2,3.40%,±0.1,2.80%,±0.1,1.20%,±0.1,    Male,"9,961,462","±7,962",8.70%,±0.2,3.30%,±0.1,3.00%,±0.1,1.20%,±0.1,    Male,"9,785,122","±7,134",9.10%,±0.2,3.40%,±0.1,3.00%,±0.1,1.10%,±0.1,    Male,"9,616,427","±8,618",9.30%,±0.2,3.30%,±0.1,2.80%,±0.1,1.00%,±0.1,    Male,"9,457,149","±8,968",9.60%,±0.2,3.30%,±0.1,2.80%,±0.1,0.90%,±0.1,    Male,"9,341,840","±7,973",9.40%,±0.2,3.20%,±0.1,2.90%,±0.1,0.90%,±0.1,    Male,"9,225,419","±8,983",10.10%,±0.3,3.20%,±0.1,2.80%,±0.1,0.90%,±0.1,    Male,"9,111,895","±8,027",10.40%,±0.2,3.30%,±0.1,2.70%,±0.1,0.80%,±0.1
        Female,"10,969,847","±10,499",7.10%,±0.2,3.00%,±0.1,3.10%,±0.1,0.60%,±0.1,        Female,"10,878,807","±10,175",8.10%,±0.2,2.70%,±0.1,2.80%,±0.1,1.00%,±0.1,        Female,"10,794,576","±9,327",8.30%,±0.2,2.90%,±0.1,2.80%,±0.1,1.10%,±0.1,    Female,"10,623,127","±8,291",8.40%,±0.2,2.90%,±0.1,2.70%,±0.1,1.20%,±0.1,    Female,"10,440,113","±8,692",8.70%,±0.2,2.70%,±0.1,2.90%,±0.1,1.10%,±0.1,    Female,"10,283,270","±7,918",8.90%,±0.2,2.90%,±0.1,2.80%,±0.1,1.10%,±0.1,    Female,"10,067,336","±7,992",9.20%,±0.2,2.90%,±0.1,2.70%,±0.1,0.90%,±0.1,    Female,"9,887,910","±8,610",9.50%,±0.2,2.80%,±0.1,2.70%,±0.1,0.90%,±0.1,    Female,"9,772,780","±8,416",9.50%,±0.2,2.80%,±0.1,2.70%,±0.1,0.90%,±0.1,    Female,"9,638,529","±8,942",10.00%,±0.3,2.80%,±0.1,2.50%,±0.1,0.90%,±0.1,    Female,"9,535,705","±7,284",10.20%,±0.3,2.60%,±0.1,2.40%,±0.1,0.80%,±0.1
    RACE AND HISPANIC OR LATINO ORIGIN,,,,,,,,,,,    RACE AND HISPANIC OR LATINO ORIGIN,,,,,,,,,,,    RACE AND HISPANIC OR LATINO ORIGIN,,,,,,,,,,,RACE AND HISPANIC OR LATINO ORIGIN,,,,,,,,,,,RACE AND HISPANIC OR LATINO ORIGIN,,,,,,,,,,,RACE AND HISPANIC OR LATINO ORIGIN,,,,,,,,,,,RACE AND HISPANIC OR LATINO ORIGIN,,,,,,,,,,,RACE AND HISPANIC OR LATINO ORIGIN,,,,,,,,,,,RACE AND HISPANIC OR LATINO ORIGIN,,,,,,,,,,,RACE AND HISPANIC OR LATINO ORIGIN,,,,,,,,,,,RACE AND HISPANIC OR LATINO ORIGIN,,,,,,,,,,
        One race,"17,471,167","±51,499",6.80%,±0.2,3.20%,±0.1,3.30%,±0.1,0.50%,±0.1,        One race,"20,654,473","±25,407",8.00%,±0.2,3.00%,±0.1,2.80%,±0.1,0.90%,±0.1,        One race,"20,492,139","±21,038",8.20%,±0.2,3.10%,±0.1,2.80%,±0.1,1.10%,±0.1,    One race,"20,232,492","±23,304",8.30%,±0.2,3.10%,±0.1,2.70%,±0.1,1.20%,±0.1,    One race,"19,882,492","±22,773",8.60%,±0.2,3.00%,±0.1,2.90%,±0.1,1.10%,±0.1,    One race,"19,578,303","±21,363",8.90%,±0.2,3.10%,±0.1,2.90%,±0.1,1.10%,±0.1,    One race,"19,222,425","±20,823",9.20%,±0.2,3.10%,±0.1,2.80%,±0.1,1.00%,±0.1,    One race,"18,900,875","±18,577",9.40%,±0.2,3.10%,±0.1,2.70%,±0.1,0.90%,±0.1,    One race,"18,670,627","±16,366",9.40%,±0.2,3.00%,±0.1,2.80%,±0.1,0.90%,±0.1,    One race,"18,455,801","±21,009",10.00%,±0.3,2.90%,±0.1,2.60%,±0.1,0.90%,±0.1,    One race,"18,253,578","±17,756",10.20%,±0.2,2.90%,±0.1,2.60%,±0.1,0.80%,±0.1
            White,"12,119,286","±39,178",6.30%,±0.2,3.10%,±0.1,3.80%,±0.1,0.40%,±0.1,            White,"15,870,306","±29,688",7.60%,±0.2,2.90%,±0.1,2.90%,±0.1,0.80%,±0.1,            White,"15,761,392","±36,680",7.80%,±0.2,3.10%,±0.1,2.90%,±0.1,1.00%,±0.1,        White,"15,628,447","±34,243",7.90%,±0.2,3.00%,±0.1,2.90%,±0.1,1.10%,±0.1,        White,"15,433,634","±29,040",8.10%,±0.2,2.90%,±0.1,3.20%,±0.1,1.10%,±0.1,        White,"15,220,083","±26,981",8.30%,±0.2,3.00%,±0.1,3.10%,±0.1,1.00%,±0.1,        White,"14,975,679","±29,249",8.60%,±0.2,3.00%,±0.1,2.90%,±0.1,0.90%,±0.1,        White,"14,764,118","±24,531",8.70%,±0.2,3.00%,±0.1,2.90%,±0.1,0.80%,±0.1,        White,"14,609,266","±23,427",8.50%,±0.2,2.80%,±0.1,3.00%,±0.1,0.80%,±0.1,        White,"14,407,337","±31,782",9.10%,±0.3,2.70%,±0.1,2.70%,±0.1,0.80%,±0.1,        White,"14,283,534","±32,743",9.30%,±0.2,2.70%,±0.1,2.70%,±0.1,0.70%,±0.1
            Black or African American,"3,255,467","±24,603",8.20%,±0.6,3.30%,±0.3,1.70%,±0.2,0.50%,±0.1,            Black or African American,"3,403,878","±26,210",9.90%,±0.6,3.70%,±0.3,2.00%,±0.2,0.80%,±0.2,            Black or African American,"3,369,768","±20,423",10.30%,±0.6,3.30%,±0.3,1.80%,±0.2,0.70%,±0.1,        Black or African American,"3,349,216","±19,614",10.80%,±0.7,3.50%,±0.3,1.80%,±0.2,0.90%,±0.2,        Black or African American,"3,268,334","±21,521",10.90%,±0.5,3.60%,±0.3,1.70%,±0.2,0.90%,±0.2,        Black or African American,"3,240,411","±16,296",11.50%,±0.6,3.40%,±0.2,1.90%,±0.2,0.70%,±0.1,        Black or African American,"3,177,856","±14,571",11.90%,±0.6,3.40%,±0.3,2.00%,±0.3,0.80%,±0.2,        Black or African American,"3,096,056","±17,890",13.10%,±0.7,3.40%,±0.3,1.80%,±0.2,0.70%,±0.1,        Black or African American,"3,063,392","±16,517",13.20%,±0.6,3.60%,±0.3,1.90%,±0.2,0.80%,±0.1,        Black or African American,"3,009,585","±20,800",13.70%,±0.7,3.70%,±0.3,2.10%,±0.3,0.70%,±0.1,        Black or African American,"2,955,082","±15,286",14.20%,±0.6,3.70%,±0.3,1.90%,±0.3,0.90%,±0.1
            American Indian and Alaska Native,"62,911","±7,616",7.00%,±4.4,3.20%,±1.8,6.30%,±4.0,0.70%,±0.6,            American Indian and Alaska Native,"59,153","±5,744",9.20%,±2.8,8.20%,±3.2,2.80%,±1.6,1.50%,±1.1,            American Indian and Alaska Native,"59,368","±6,006",5.70%,±2.1,3.10%,±1.4,3.80%,±1.7,1.20%,±0.9,        American Indian and Alaska Native,"62,898","±6,889",10.10%,±3.4,5.90%,±2.1,1.60%,±1.1,0.90%,±0.7,        American Indian and Alaska Native,"52,407","±5,511",9.60%,±3.0,3.50%,±1.4,3.30%,±1.4,2.00%,±1.9,        American Indian and Alaska Native,"46,765","±5,036",13.40%,±4.2,3.60%,±1.4,2.80%,±1.6,0.70%,±0.4,        American Indian and Alaska Native,"52,467","±5,010",11.40%,±2.9,2.90%,±1.1,5.10%,±3.1,1.60%,±1.4,        American Indian and Alaska Native,"49,744","±4,546",9.30%,±2.6,3.10%,±1.6,2.90%,±1.5,1.70%,±1.1,        American Indian and Alaska Native,"51,105","±4,478",13.80%,±3.3,4.50%,±2.0,5.80%,±2.3,0.80%,±0.7,        American Indian and Alaska Native,"63,134","±6,296",10.40%,±3.0,5.20%,±2.3,4.30%,±2.3,1.00%,±1.2,        American Indian and Alaska Native,"66,499","±6,700",14.00%,±3.8,3.40%,±1.3,3.70%,±1.7,0.30%,±0.3
            Asian,"615,479","±9,512",5.70%,±0.9,3.30%,±0.5,3.20%,±0.5,1.40%,±0.4,            Asian,"594,916","±8,153",7.10%,±0.9,2.80%,±0.6,4.40%,±0.8,3.20%,±0.7,            Asian,"588,643","±8,269",7.50%,±0.9,3.30%,±0.6,3.50%,±0.7,3.60%,±0.6,        Asian,"583,121","±7,807",6.40%,±0.9,2.90%,±0.6,3.60%,±0.7,3.30%,±0.6,        Asian,"553,417","±7,394",7.90%,±0.9,2.90%,±0.6,4.10%,±0.7,3.20%,±0.6,        Asian,"539,898","±9,030",7.30%,±1.0,3.40%,±0.6,3.00%,±0.5,3.40%,±0.7,        Asian,"519,354","±7,485",7.30%,±1.0,2.70%,±0.6,2.80%,±0.6,3.00%,±0.4,        Asian,"503,611","±6,870",8.40%,±1.1,3.00%,±0.5,2.80%,±0.6,3.30%,±0.5,        Asian,"482,938","±7,961",7.10%,±1.0,2.50%,±0.6,3.00%,±0.7,2.90%,±0.8,        Asian,"458,022","±8,429",7.10%,±0.9,2.30%,±0.5,3.10%,±0.6,3.70%,±0.9,        Asian,"449,179","±7,475",8.60%,±1.0,3.30%,±0.8,2.70%,±0.6,2.90%,±0.7
            Native Hawaiian and Other Pacific Islander,"12,423","±3,459",9.50%,±6.5,4.80%,±3.9,2.30%,±2.0,0.40%,±0.6,            Native Hawaiian and Other Pacific Islander,"16,162","±3,369",9.50%,±5.8,4.60%,±5.3,6.90%,±5.1,1.40%,±1.8,            Native Hawaiian and Other Pacific Islander,"12,841","±2,297",9.50%,±4.7,4.30%,±3.2,1.00%,±1.6,0.70%,±1.2,        Native Hawaiian and Other Pacific Islander,"13,937","±3,557",18.40%,±11.0,4.00%,±3.1,1.00%,±1.0,0.80%,±1.4,        Native Hawaiian and Other Pacific Islander,"12,329","±2,382",12.40%,±6.6,2.90%,±2.1,7.50%,±4.6,2.90%,±3.4,        Native Hawaiian and Other Pacific Islander,"11,730","±2,656",4.50%,±4.4,0.70%,±1.0,11.40%,±9.8,0.20%,±0.4,        Native Hawaiian and Other Pacific Islander,"15,149","±3,314",12.80%,±6.8,2.10%,±2.2,3.00%,±2.6,3.30%,±4.4,        Native Hawaiian and Other Pacific Islander,"7,885","±2,073",6.90%,±8.0,3.70%,±2.9,3.80%,±3.7,4.20%,±5.3,        Native Hawaiian and Other Pacific Islander,"11,225","±3,137",25.10%,±13.9,4.00%,±3.1,3.80%,±3.7,1.70%,±3.1,        Native Hawaiian and Other Pacific Islander,"12,545","±3,380",3.90%,±4.3,2.20%,±1.9,10.40%,±9.3,0.00%,±1.9,        Native Hawaiian and Other Pacific Islander,"11,293","±2,193",5.20%,±4.4,0.60%,±0.9,8.10%,±6.0,1.70%,±2.3
            Some other race,"1,405,601","±45,627",8.10%,±0.7,3.80%,±0.6,2.50%,±0.5,1.30%,±0.3,            Some other race,"710,058","±25,662",9.30%,±1.2,3.60%,±0.8,2.50%,±0.6,2.40%,±0.6,            Some other race,"700,127","±33,202",9.40%,±1.1,3.90%,±0.7,2.50%,±0.7,2.50%,±0.7,        Some other race,"594,873","±29,525",8.20%,±1.2,3.10%,±0.6,2.20%,±0.6,3.10%,±0.8,        Some other race,"562,371","±25,322",10.70%,±1.4,3.40%,±0.7,2.40%,±0.6,2.60%,±0.6,        Some other race,"519,416","±22,267",10.20%,±1.3,3.10%,±0.7,3.00%,±1.1,2.30%,±0.7,        Some other race,"481,920","±24,720",12.40%,±1.6,3.00%,±0.6,2.10%,±0.6,2.30%,±0.6,        Some other race,"479,461","±22,789",10.60%,±1.4,4.20%,±1.0,3.00%,±0.9,1.50%,±0.5,        Some other race,"452,701","±23,310",13.70%,±1.8,3.60%,±0.8,2.80%,±0.8,1.20%,±0.5,        Some other race,"505,178","±27,216",14.70%,±2.2,4.40%,±1.0,3.00%,±0.9,2.00%,±0.6,        Some other race,"487,991","±25,053",13.40%,±2.1,3.60%,±0.8,1.70%,±0.5,1.50%,±0.7
        Two or more races,"4,119,517","±50,639",8.40%,±0.4,2.80%,±0.2,2.30%,±0.2,1.20%,±0.2,        Two or more races,"614,936","±23,737",11.40%,±1.4,4.00%,±0.7,3.60%,±0.7,1.20%,±0.3,        Two or more races,"600,738","±21,008",10.50%,±1.2,3.60%,±0.5,3.90%,±0.6,0.90%,±0.4,    Two or more races,"539,879","±21,443",11.60%,±1.2,4.10%,±0.8,3.30%,±0.6,1.10%,±0.4,    Two or more races,"519,083","±21,906",11.40%,±1.1,3.50%,±0.6,3.60%,±0.7,0.90%,±0.3,    Two or more races,"490,089","±20,134",13.30%,±1.3,4.70%,±0.8,3.50%,±0.7,1.10%,±0.4,    Two or more races,"461,338","±19,266",12.40%,±1.1,4.00%,±0.7,3.60%,±0.7,1.00%,±0.3,    Two or more races,"444,184","±17,251",13.40%,±1.4,3.40%,±0.6,4.00%,±0.9,1.60%,±0.5,    Two or more races,"443,993","±15,691",13.70%,±1.6,4.00%,±0.6,3.30%,±0.6,1.00%,±0.4,    Two or more races,"408,147","±19,405",12.40%,±1.7,4.30%,±0.8,4.10%,±0.8,1.70%,±0.7,    Two or more races,"394,022","±15,609",13.10%,±1.6,3.60%,±0.7,3.40%,±0.7,0.90%,±0.3
        Hispanic or Latino origin (of any race),"5,770,068","±4,916",8.30%,±0.4,3.10%,±0.2,1.80%,±0.2,1.10%,±0.1,        Hispanic or Latino origin (of any race),"5,593,166","±5,634",8.80%,±0.5,2.80%,±0.2,1.40%,±0.2,1.70%,±0.2,        Hispanic or Latino origin (of any race),"5,498,656","±4,603",9.20%,±0.5,2.80%,±0.2,1.50%,±0.1,2.00%,±0.2,Hispanic or Latino origin (of any race),"5,302,961","±4,818",8.50%,±0.4,2.60%,±0.2,1.50%,±0.1,2.40%,±0.2,Hispanic or Latino origin (of any race),"5,061,734","±4,729",9.10%,±0.5,2.60%,±0.2,1.80%,±0.2,2.40%,±0.3,Hispanic or Latino origin (of any race),"4,897,675","±4,138",9.60%,±0.5,2.60%,±0.2,1.60%,±0.2,2.10%,±0.2,Hispanic or Latino origin (of any race),"4,723,932","±4,336",9.80%,±0.5,2.50%,±0.2,1.50%,±0.2,2.00%,±0.2,Hispanic or Latino origin (of any race),"4,558,643","±3,943",9.80%,±0.4,2.70%,±0.2,1.70%,±0.2,1.80%,±0.2,Hispanic or Latino origin (of any race),"4,425,221","±4,977",10.40%,±0.5,2.50%,±0.2,1.80%,±0.2,1.60%,±0.2,Hispanic or Latino origin (of any race),"4,297,339","±5,156",11.50%,±0.6,2.60%,±0.2,1.70%,±0.2,1.70%,±0.2,Hispanic or Latino origin (of any race),"4,196,560","±4,578",12.00%,±0.5,2.70%,±0.2,1.60%,±0.2,1.50%,±0.2
"        White alone, not Hispanic or Latino","11,059,569","±19,379",6.10%,±0.2,3.10%,±0.1,4.10%,±0.2,0.30%,±0.1,"        White alone, not Hispanic or Latino","11,291,592","±10,172",7.30%,±0.2,3.00%,±0.1,3.60%,±0.2,0.50%,±0.1,"        White alone, not Hispanic or Latino","11,257,147","±9,550",7.40%,±0.2,3.20%,±0.1,3.60%,±0.1,0.60%,±0.1,"White alone, not Hispanic or Latino","11,202,722","±9,823",7.70%,±0.2,3.30%,±0.2,3.50%,±0.1,0.60%,±0.1,"White alone, not Hispanic or Latino","11,182,438","±8,108",7.80%,±0.2,3.00%,±0.1,3.80%,±0.2,0.60%,±0.1,"White alone, not Hispanic or Latino","11,085,040","±6,829",8.00%,±0.2,3.30%,±0.1,3.70%,±0.1,0.60%,±0.1,"White alone, not Hispanic or Latino","10,969,240","±9,678",8.30%,±0.2,3.30%,±0.1,3.50%,±0.1,0.50%,±0.1,"White alone, not Hispanic or Latino","10,905,815","±8,561",8.40%,±0.2,3.10%,±0.1,3.40%,±0.1,0.50%,±0.1,"White alone, not Hispanic or Latino","10,880,399","±8,520",8.00%,±0.2,3.00%,±0.1,3.50%,±0.1,0.50%,±0.1,"White alone, not Hispanic or Latino","10,845,644","±6,987",8.50%,±0.3,2.90%,±0.2,3.10%,±0.1,0.50%,±0.1,"White alone, not Hispanic or Latino","10,799,445","±11,208",8.60%,±0.2,2.80%,±0.1,3.20%,±0.2,0.40%,±0.1
    NATIVITY AND CITIZENSHIP STATUS,,,,,,,,,,,    NATIVITY AND CITIZENSHIP STATUS,,,,,,,,,,,    NATIVITY AND CITIZENSHIP STATUS,,,,,,,,,,,NATIVITY AND CITIZENSHIP STATUS,,,,,,,,,,,NATIVITY AND CITIZENSHIP STATUS,,,,,,,,,,,NATIVITY AND CITIZENSHIP STATUS,,,,,,,,,,,NATIVITY AND CITIZENSHIP STATUS,,,,,,,,,,,NATIVITY AND CITIZENSHIP STATUS,,,,,,,,,,,NATIVITY AND CITIZENSHIP STATUS,,,,,,,,,,,NATIVITY AND CITIZENSHIP STATUS,,,,,,,,,,,CITIZENSHIP STATUS,,,,,,,,,,
        Native,"16,985,791","±45,034",6.90%,±0.2,3.40%,±0.1,3.50%,±0.1,0.30%,±0.1,        Native,"16,744,568","±46,684",8.20%,±0.2,3.30%,±0.1,3.20%,±0.1,0.40%,±0.1,        Native,"16,619,783","±45,479",8.20%,±0.2,3.40%,±0.1,3.10%,±0.1,0.50%,±0.1,    Native,"16,394,487","±36,951",8.60%,±0.2,3.50%,±0.1,3.00%,±0.1,0.40%,±0.1,    Native,"16,166,804","±34,471",8.70%,±0.2,3.30%,±0.1,3.30%,±0.1,0.40%,±0.1,    Native,"15,983,813","±42,958",9.20%,±0.2,3.40%,±0.1,3.30%,±0.1,0.40%,±0.1,    Native,"15,712,625","±36,271",9.50%,±0.2,3.40%,±0.1,3.10%,±0.1,0.40%,±0.1,    Native,"15,548,552","±38,671",9.70%,±0.2,3.30%,±0.1,3.00%,±0.1,0.40%,±0.1,    Native,"15,368,562","±33,748",9.60%,±0.2,3.20%,±0.1,3.10%,±0.1,0.40%,±0.1,    Native,"15,162,554","±39,867",10.10%,±0.3,3.20%,±0.1,2.90%,±0.1,0.40%,±0.1,    Native,"14,991,561","±36,913",10.20%,±0.2,3.10%,±0.1,2.90%,±0.1,0.30%,±0.1
        Foreign born,"4,604,893","±44,279",7.70%,±0.4,2.20%,±0.2,1.90%,±0.2,1.90%,±0.2,        Foreign born,"4,524,841","±45,905",7.90%,±0.4,2.00%,±0.2,1.60%,±0.2,3.10%,±0.2,        Foreign born,"4,473,094","±45,441",8.60%,±0.4,2.30%,±0.2,1.60%,±0.2,3.10%,±0.2,    Foreign born,"4,377,884","±36,690",7.80%,±0.4,2.00%,±0.2,1.60%,±0.1,4.10%,±0.3,    Foreign born,"4,234,771","±36,065",8.60%,±0.4,2.00%,±0.1,1.80%,±0.1,4.00%,±0.3,    Foreign born,"4,084,579","±42,117",8.20%,±0.4,2.20%,±0.2,1.60%,±0.2,3.50%,±0.3,    Foreign born,"3,971,138","±35,660",8.50%,±0.4,1.90%,±0.2,1.40%,±0.1,3.20%,±0.2,    Foreign born,"3,796,507","±37,640",8.70%,±0.4,2.00%,±0.2,1.60%,±0.2,3.10%,±0.2,    Foreign born,"3,746,058","±32,228",9.00%,±0.4,1.90%,±0.2,1.60%,±0.2,2.80%,±0.2,    Foreign born,"3,701,394","±38,358",10.00%,±0.5,2.00%,±0.2,1.50%,±0.2,3.00%,±0.3,    Foreign born,"3,656,039","±37,440",10.40%,±0.5,2.20%,±0.2,1.40%,±0.2,2.90%,±0.2
            Naturalized U.S. citizen,"2,772,900","±33,280",5.70%,±0.4,1.90%,±0.2,1.80%,±0.2,0.40%,±0.1,            Naturalized U.S. citizen,"2,597,624","±34,087",6.30%,±0.4,1.80%,±0.2,1.40%,±0.2,0.50%,±0.1,            Naturalized U.S. citizen,"2,545,530","±33,681",6.70%,±0.4,2.30%,±0.2,1.40%,±0.2,0.60%,±0.1,        Naturalized U.S. citizen,"2,418,593","±27,875",6.20%,±0.4,1.70%,±0.2,1.50%,±0.2,0.50%,±0.1,        Naturalized U.S. citizen,"2,334,091","±28,463",7.00%,±0.4,1.90%,±0.2,1.70%,±0.2,0.60%,±0.1,        Naturalized U.S. citizen,"2,194,476","±25,663",6.50%,±0.4,1.90%,±0.3,1.70%,±0.2,0.40%,±0.1,        Naturalized U.S. citizen,"2,135,740","±27,337",6.90%,±0.4,1.80%,±0.2,1.50%,±0.2,0.50%,±0.1,        Naturalized U.S. citizen,"2,028,626","±27,423",6.80%,±0.4,1.80%,±0.2,1.60%,±0.2,0.40%,±0.1,        Naturalized U.S. citizen,"1,932,852","±25,341",6.80%,±0.5,1.60%,±0.2,1.50%,±0.2,0.40%,±0.1,        Naturalized U.S. citizen,"1,839,680","±26,993",6.70%,±0.5,1.60%,±0.3,1.40%,±0.2,0.50%,±0.1,        Naturalized U.S. citizen,"1,772,302","±25,566",6.70%,±0.4,1.90%,±0.3,1.30%,±0.2,0.30%,±0.1
            Not a U.S. citizen,"1,831,993","±37,627",10.70%,±0.8,2.60%,±0.3,2.10%,±0.3,4.20%,±0.4,            Not a U.S. citizen,"1,927,217","±40,491",10.10%,±0.8,2.30%,±0.3,1.80%,±0.3,6.60%,±0.5,            Not a U.S. citizen,"1,927,564","±37,045",11.10%,±0.7,2.30%,±0.3,1.80%,±0.3,6.40%,±0.5,        Not a U.S. citizen,"1,959,291","±34,504",9.70%,±0.7,2.50%,±0.3,1.60%,±0.2,8.40%,±0.6,        Not a U.S. citizen,"1,900,680","±30,043",10.50%,±0.7,2.10%,±0.2,1.80%,±0.2,8.20%,±0.7,        Not a U.S. citizen,"1,890,103","±39,931",10.30%,±0.7,2.40%,±0.3,1.50%,±0.2,7.10%,±0.6,        Not a U.S. citizen,"1,835,398","±29,906",10.50%,±0.6,2.00%,±0.2,1.30%,±0.2,6.40%,±0.5,        Not a U.S. citizen,"1,767,881","±28,873",11.00%,±0.6,2.30%,±0.3,1.60%,±0.3,6.20%,±0.4,        Not a U.S. citizen,"1,813,206","±27,656",11.30%,±0.7,2.30%,±0.3,1.70%,±0.2,5.50%,±0.5,        Not a U.S. citizen,"1,861,714","±35,963",13.20%,±0.8,2.30%,±0.3,1.50%,±0.2,5.50%,±0.5,        Not a U.S. citizen,"1,883,737","±31,712",13.80%,±0.8,2.40%,±0.3,1.40%,±0.2,5.40%,±0.5
MARITAL STATUS,,,,,,,,,,,MARITAL STATUS,,,,,,,,,,,MARITAL STATUS,,,,,,,,,,,MARITAL STATUS,,,,,,,,,,,MARITAL STATUS,,,,,,,,,,,MARITAL STATUS,,,,,,,,,,,MARITAL STATUS,,,,,,,,,,,MARITAL STATUS,,,,,,,,,,,MARITAL STATUS,,,,,,,,,,,MARITAL STATUS,,,,,,,,,,,MARITAL STATUS,,,,,,,,,,
    Population 15 years and over,"18,251,571","±4,332",6.90%,±0.1,3.10%,±0.1,3.20%,±0.1,0.60%,±0.1,    Population 15 years and over,"17,964,694","±4,571",7.90%,±0.2,3.10%,±0.1,2.90%,±0.1,0.90%,±0.1,    Population 15 years and over,"17,791,739","±5,407",8.00%,±0.2,3.20%,±0.1,2.80%,±0.1,1.00%,±0.1,    Population 15 years and over,"17,514,198","±4,283",8.10%,±0.2,3.20%,±0.1,2.80%,±0.1,1.20%,±0.1,    Population 15 years and over,"17,195,240","±5,550",8.30%,±0.2,3.10%,±0.1,3.00%,±0.1,1.20%,±0.1,    Population 15 years and over,"16,889,179","±3,724",8.50%,±0.2,3.20%,±0.1,3.00%,±0.1,1.10%,±0.1,    Population 15 years and over,"16,544,829","±3,434",8.90%,±0.2,3.20%,±0.1,2.80%,±0.1,1.00%,±0.1,    Population 15 years and over,"16,226,496","±3,939",9.00%,±0.2,3.10%,±0.1,2.80%,±0.1,0.90%,±0.1,    Population 15 years and over,"16,016,557","±3,446",8.90%,±0.2,3.00%,±0.1,2.80%,±0.1,0.80%,±0.1,    Population 15 years and over,"15,770,265","±5,407",9.40%,±0.2,3.00%,±0.1,2.70%,±0.1,0.90%,±0.1,    Population 15 years and over,"15,555,825","±4,678",9.70%,±0.2,3.00%,±0.1,2.60%,±0.1,0.80%,±0.1
        Never married,"5,778,046","±38,262",9.30%,±0.3,4.90%,±0.2,3.50%,±0.2,0.70%,±0.1,        Never married,"5,756,902","±41,274",10.40%,±0.3,4.90%,±0.2,3.20%,±0.2,1.20%,±0.1,        Never married,"5,716,655","±32,071",10.70%,±0.4,4.90%,±0.2,3.10%,±0.1,1.20%,±0.1,        Never married,"5,568,197","±38,265",10.80%,±0.3,5.00%,±0.2,3.00%,±0.2,1.30%,±0.1,        Never married,"5,470,846","±33,204",11.10%,±0.3,4.90%,±0.2,3.10%,±0.2,1.30%,±0.1,        Never married,"5,377,198","±30,017",11.70%,±0.3,4.90%,±0.2,3.20%,±0.2,1.20%,±0.1,        Never married,"5,229,442","±31,066",12.30%,±0.3,5.00%,±0.2,3.10%,±0.2,1.10%,±0.1,        Never married,"5,097,873","±32,840",12.60%,±0.3,5.00%,±0.2,2.90%,±0.2,1.00%,±0.1,    Never married,"4,985,480","±32,177",12.60%,±0.4,5.00%,±0.2,3.10%,±0.2,0.90%,±0.1,    Never married,"4,899,961","±34,106",13.50%,±0.4,5.00%,±0.2,3.20%,±0.2,1.10%,±0.1,    Never married,"4,690,751","±30,634",14.20%,±0.4,5.20%,±0.2,3.00%,±0.2,1.00%,±0.1
"        Now married, except separated","8,652,742","±62,358",5.20%,±0.2,2.20%,±0.1,3.20%,±0.2,0.70%,±0.1,"        Now married, except separated","8,241,096","±56,653",6.10%,±0.2,2.00%,±0.1,2.80%,±0.1,0.90%,±0.1,"        Now married, except separated","8,147,234","±49,313",6.00%,±0.2,2.10%,±0.1,2.80%,±0.2,1.10%,±0.1,"        Now married, except separated","8,080,557","±53,698",6.10%,±0.2,2.20%,±0.1,2.80%,±0.1,1.30%,±0.1,"        Now married, except separated","7,867,207","±43,508",6.20%,±0.2,1.90%,±0.1,3.00%,±0.1,1.20%,±0.1,"        Now married, except separated","7,680,472","±45,958",6.30%,±0.2,2.20%,±0.1,2.90%,±0.1,1.20%,±0.1,"        Now married, except separated","7,583,757","±47,792",6.30%,±0.2,2.00%,±0.1,2.70%,±0.1,1.10%,±0.1,"        Now married, except separated","7,453,192","±49,943",6.30%,±0.2,2.00%,±0.1,2.70%,±0.1,1.00%,±0.1,"    Now married, except separated","7,364,000","±44,054",6.20%,±0.2,1.80%,±0.1,2.70%,±0.2,0.90%,±0.1,"    Now married, except separated","7,286,980","±44,538",6.30%,±0.3,1.70%,±0.1,2.40%,±0.2,0.90%,±0.1,"    Now married, except separated","7,325,899","±41,305",6.40%,±0.2,1.70%,±0.1,2.40%,±0.1,0.80%,±0.1
        Divorced or separated,"2,644,349","±37,498",7.80%,±0.4,3.20%,±0.2,2.80%,±0.2,0.50%,±0.1,        Divorced or separated,"2,742,819","±29,540",9.10%,±0.4,3.30%,±0.2,3.00%,±0.2,0.60%,±0.1,        Divorced or separated,"2,713,818","±29,370",9.10%,±0.4,3.40%,±0.2,2.70%,±0.2,0.70%,±0.1,        Divorced or separated,"2,665,182","±33,353",9.30%,±0.4,3.30%,±0.2,2.80%,±0.2,0.80%,±0.1,        Divorced or separated,"2,665,708","±25,256",10.00%,±0.4,3.50%,±0.2,3.00%,±0.2,0.90%,±0.1,        Divorced or separated,"2,644,215","±29,242",10.20%,±0.4,3.50%,±0.2,3.00%,±0.2,0.60%,±0.1,        Divorced or separated,"2,550,287","±28,421",10.80%,±0.4,3.60%,±0.2,2.70%,±0.2,0.80%,±0.1,        Divorced or separated,"2,526,347","±35,009",11.30%,±0.4,3.40%,±0.2,2.90%,±0.2,0.60%,±0.1,    Divorced or separated,"2,526,572","±26,975",11.30%,±0.4,3.60%,±0.3,3.00%,±0.3,0.70%,±0.1,    Divorced or separated,"2,448,397","±28,600",12.30%,±0.5,3.70%,±0.3,2.70%,±0.2,0.70%,±0.1,    Divorced or separated,"2,432,755","±27,510",12.70%,±0.5,3.60%,±0.2,2.80%,±0.2,0.60%,±0.1
        Widowed,"1,176,434","±18,815",4.80%,±0.4,1.80%,±0.2,2.20%,±0.3,0.40%,±0.1,        Widowed,"1,223,877","±20,329",5.50%,±0.5,1.70%,±0.2,2.10%,±0.3,0.70%,±0.1,        Widowed,"1,214,032","±17,143",5.50%,±0.4,1.90%,±0.2,2.30%,±0.3,0.70%,±0.2,        Widowed,"1,200,262","±17,833",5.80%,±0.4,1.80%,±0.3,2.30%,±0.3,0.80%,±0.2,        Widowed,"1,191,479","±16,569",5.70%,±0.4,1.80%,±0.3,2.70%,±0.3,0.80%,±0.2,        Widowed,"1,187,294","±17,495",5.30%,±0.4,1.70%,±0.2,2.60%,±0.3,0.60%,±0.1,        Widowed,"1,181,343","±16,579",5.90%,±0.4,1.70%,±0.2,2.40%,±0.3,0.60%,±0.1,        Widowed,"1,149,084","±16,997",6.00%,±0.5,1.80%,±0.3,2.20%,±0.3,0.60%,±0.1,    Widowed,"1,140,505","±14,892",5.60%,±0.4,1.70%,±0.2,1.90%,±0.2,0.60%,±0.1,    Widowed,"1,134,927","±18,795",5.40%,±0.4,1.80%,±0.3,2.30%,±0.3,0.80%,±0.2,    Widowed,"1,106,420","±13,845",5.80%,±0.4,1.70%,±0.3,2.20%,±0.2,0.70%,±0.2
EDUCATIONAL ATTAINMENT,,,,,,,,,,,EDUCATIONAL ATTAINMENT,,,,,,,,,,,EDUCATIONAL ATTAINMENT,,,,,,,,,,,EDUCATIONAL ATTAINMENT,,,,,,,,,,,EDUCATIONAL ATTAINMENT,,,,,,,,,,,EDUCATIONAL ATTAINMENT,,,,,,,,,,,EDUCATIONAL ATTAINMENT,,,,,,,,,,,EDUCATIONAL ATTAINMENT,,,,,,,,,,,EDUCATIONAL ATTAINMENT,,,,,,,,,,,EDUCATIONAL ATTAINMENT,,,,,,,,,,,EDUCATIONAL ATTAINMENT,,,,,,,,,,
    Population 25 years and over,"15,762,122","±8,177",6.40%,±0.1,2.70%,±0.1,3.00%,±0.1,0.60%,±0.1,    Population 25 years and over,"15,484,502","±8,439",7.50%,±0.2,2.70%,±0.1,2.80%,±0.1,0.90%,±0.1,    Population 25 years and over,"15,302,125","±8,947",7.50%,±0.2,2.80%,±0.1,2.70%,±0.1,1.00%,±0.1,    Population 25 years and over,"15,020,177","±8,023",7.60%,±0.2,2.80%,±0.1,2.70%,±0.1,1.10%,±0.1,    Population 25 years and over,"14,703,671","±8,103",7.70%,±0.2,2.70%,±0.1,2.90%,±0.1,1.10%,±0.1,    Population 25 years and over,"14,394,281","±8,274",7.90%,±0.2,2.80%,±0.1,2.90%,±0.1,1.00%,±0.1,    Population 25 years and over,"14,041,196","±6,948",8.20%,±0.2,2.70%,±0.1,2.70%,±0.1,1.00%,±0.1,    Population 25 years and over,"13,726,996","±7,120",8.30%,±0.2,2.60%,±0.1,2.60%,±0.1,0.90%,±0.1,    Population 25 years and over,"13,503,747","±6,413",8.10%,±0.2,2.50%,±0.1,2.60%,±0.1,0.80%,±0.1,    Population 25 years and over,"13,267,581","±9,014",8.40%,±0.2,2.50%,±0.1,2.50%,±0.1,0.90%,±0.1,    Population 25 years and over,"13,077,179","±7,576",8.70%,±0.2,2.50%,±0.1,2.50%,±0.1,0.80%,±0.1
        Less than high school graduate,"1,608,543","±22,977",7.00%,±0.4,2.90%,±0.3,1.60%,±0.2,0.80%,±0.1,        Less than high school graduate,"1,794,635","±28,072",7.10%,±0.5,3.10%,±0.3,1.70%,±0.2,1.40%,±0.2,        Less than high school graduate,"1,761,732","±22,063",7.20%,±0.4,2.90%,±0.3,1.70%,±0.2,1.30%,±0.2,        Less than high school graduate,"1,745,933","±28,467",8.00%,±0.5,3.10%,±0.2,1.70%,±0.2,1.40%,±0.2,        Less than high school graduate,"1,855,213","±25,403",7.80%,±0.5,3.10%,±0.2,1.60%,±0.2,1.70%,±0.2,        Less than high school graduate,"1,781,252","±24,475",8.50%,±0.5,3.10%,±0.3,1.80%,±0.2,1.40%,±0.2,        Less than high school graduate,"1,795,693","±22,052",8.90%,±0.4,2.90%,±0.3,1.60%,±0.2,1.20%,±0.2,        Less than high school graduate,"1,807,169","±22,937",9.80%,±0.5,3.20%,±0.3,1.70%,±0.2,1.40%,±0.2,    Less than high school graduate,"1,821,458","±27,349",9.00%,±0.4,2.90%,±0.2,2.10%,±0.2,1.20%,±0.2,    Less than high school graduate,"1,867,802","±24,625",9.50%,±0.5,2.70%,±0.2,1.60%,±0.2,1.00%,±0.2,    Less than high school graduate,"1,899,051","±24,619",10.30%,±0.6,2.90%,±0.3,1.60%,±0.2,1.00%,±0.2
        High school graduate (includes equivalency),"4,363,466","±41,941",6.20%,±0.3,2.60%,±0.2,2.30%,±0.2,0.60%,±0.1,        High school graduate (includes equivalency),"4,396,122","±42,026",7.60%,±0.4,2.50%,±0.2,2.40%,±0.2,0.70%,±0.1,        High school graduate (includes equivalency),"4,387,954","±38,632",7.30%,±0.3,2.80%,±0.2,2.20%,±0.1,0.80%,±0.1,        High school graduate (includes equivalency),"4,330,040","±38,469",7.60%,±0.3,2.80%,±0.2,2.30%,±0.1,0.90%,±0.1,        High school graduate (includes equivalency),"4,249,733","±31,017",7.60%,±0.3,2.50%,±0.2,2.60%,±0.2,0.90%,±0.1,        High school graduate (includes equivalency),"4,201,879","±37,461",7.70%,±0.3,2.60%,±0.1,2.40%,±0.2,0.90%,±0.1,        High school graduate (includes equivalency),"4,151,300","±31,641",8.40%,±0.3,2.50%,±0.2,2.40%,±0.2,0.70%,±0.1,        High school graduate (includes equivalency),"4,042,708","±31,787",8.20%,±0.3,2.50%,±0.2,2.20%,±0.2,0.70%,±0.1,    High school graduate (includes equivalency),"4,020,195","±33,058",8.30%,±0.2,2.40%,±0.2,2.30%,±0.1,0.70%,±0.1,    High school graduate (includes equivalency),"4,033,074","±39,265",8.70%,±0.4,2.50%,±0.2,2.30%,±0.2,0.70%,±0.1,    High school graduate (includes equivalency),"3,916,584","±29,922",9.20%,±0.3,2.30%,±0.2,2.20%,±0.2,0.70%,±0.1
        Some college or associate's degree,"4,563,267","±42,554",6.40%,±0.2,2.70%,±0.2,3.00%,±0.2,0.40%,±0.1,        Some college or associate's degree,"4,540,108","±38,391",7.50%,±0.3,2.80%,±0.2,2.80%,±0.2,0.50%,±0.1,        Some college or associate's degree,"4,505,209","±33,370",7.60%,±0.3,2.90%,±0.2,2.80%,±0.2,0.70%,±0.1,        Some college or associate's degree,"4,489,712","±31,639",7.40%,±0.3,2.80%,±0.1,2.70%,±0.2,0.80%,±0.1,        Some college or associate's degree,"4,390,269","±28,822",8.00%,±0.3,2.80%,±0.2,3.10%,±0.2,0.80%,±0.1,        Some college or associate's degree,"4,318,812","±35,908",8.20%,±0.3,2.80%,±0.2,3.00%,±0.2,0.70%,±0.1,        Some college or associate's degree,"4,263,699","±31,292",8.50%,±0.3,2.90%,±0.2,2.80%,±0.2,0.70%,±0.1,        Some college or associate's degree,"4,142,944","±29,423",8.60%,±0.3,2.70%,±0.2,2.70%,±0.2,0.70%,±0.1,    Some college or associate's degree,"4,039,025","±26,953",8.50%,±0.3,2.70%,±0.2,2.70%,±0.2,0.60%,±0.1,    Some college or associate's degree,"3,937,476","±37,708",8.80%,±0.3,2.70%,±0.2,2.50%,±0.2,0.60%,±0.1,    Some college or associate's degree,"3,890,293","±30,180",9.10%,±0.3,2.50%,±0.1,2.80%,±0.2,0.50%,±0.1
        Bachelor's degree,"3,248,221","±34,306",6.80%,±0.3,2.70%,±0.2,3.90%,±0.3,0.70%,±0.1,        Bachelor's degree,"2,982,643","±35,477",8.00%,±0.4,2.60%,±0.2,3.40%,±0.2,1.10%,±0.1,        Bachelor's degree,"2,920,459","±33,508",8.10%,±0.3,2.90%,±0.2,3.40%,±0.2,1.20%,±0.1,        Bachelor's degree,"2,839,500","±31,510",7.90%,±0.3,3.00%,±0.3,3.30%,±0.2,1.50%,±0.2,        Bachelor's degree,"2,675,907","±28,563",7.60%,±0.3,2.60%,±0.2,3.50%,±0.2,1.50%,±0.2,        Bachelor's degree,"2,620,339","±25,196",7.90%,±0.4,3.00%,±0.2,3.60%,±0.2,1.20%,±0.1,        Bachelor's degree,"2,448,663","±26,006",7.50%,±0.4,2.80%,±0.3,3.20%,±0.2,1.50%,±0.2,        Bachelor's degree,"2,409,162","±26,123",7.60%,±0.3,2.50%,±0.2,3.00%,±0.2,1.10%,±0.1,    Bachelor's degree,"2,329,936","±24,428",7.60%,±0.4,2.40%,±0.2,3.10%,±0.2,1.00%,±0.1,    Bachelor's degree,"2,190,780","±26,016",7.30%,±0.5,2.50%,±0.2,3.20%,±0.3,1.10%,±0.2,    Bachelor's degree,"2,171,876","±24,885",7.40%,±0.4,2.40%,±0.2,2.70%,±0.3,1.00%,±0.1
        Graduate or professional degree,"1,978,625","±26,376",6.20%,±0.4,2.60%,±0.2,4.50%,±0.3,0.80%,±0.2,        Graduate or professional degree,"1,770,994","±25,460",6.40%,±0.4,2.70%,±0.2,3.80%,±0.3,1.20%,±0.2,        Graduate or professional degree,"1,726,771","±21,247",6.70%,±0.4,2.40%,±0.2,3.70%,±0.3,1.40%,±0.2,        Graduate or professional degree,"1,614,992","±19,343",6.80%,±0.4,2.50%,±0.3,3.90%,±0.3,1.50%,±0.2,        Graduate or professional degree,"1,532,549","±22,110",6.90%,±0.3,2.50%,±0.2,4.30%,±0.3,1.50%,±0.2,        Graduate or professional degree,"1,471,999","±20,016",6.70%,±0.4,2.50%,±0.3,4.10%,±0.3,1.40%,±0.2,        Graduate or professional degree,"1,381,841","±19,817",6.80%,±0.4,2.40%,±0.3,3.80%,±0.3,1.30%,±0.2,        Graduate or professional degree,"1,325,013","±20,465",6.70%,±0.4,2.40%,±0.3,3.80%,±0.3,1.10%,±0.2,    Graduate or professional degree,"1,293,133","±17,821",6.30%,±0.4,2.30%,±0.2,3.30%,±0.3,1.10%,±0.2,    Graduate or professional degree,"1,238,449","±20,554",6.50%,±0.5,1.90%,±0.2,3.60%,±0.4,1.40%,±0.2,    Graduate or professional degree,"1,199,375","±16,136",6.00%,±0.4,2.20%,±0.2,3.10%,±0.3,0.90%,±0.2
INDIVIDUAL INCOME IN THE PAST 12 MONTHS (IN 2021 INFLATION-ADJUSTED DOLLARS),,,,,,,,,,,INDIVIDUAL INCOME IN THE PAST 12 MONTHS (IN 2019 INFLATION-ADJUSTED DOLLARS),,,,,,,,,,,INDIVIDUAL INCOME IN THE PAST 12 MONTHS (IN 2018 INFLATION-ADJUSTED DOLLARS),,,,,,,,,,,INDIVIDUAL INCOME IN THE PAST 12 MONTHS (IN 2017 INFLATION-ADJUSTED DOLLARS),,,,,,,,,,,INDIVIDUAL INCOME IN THE PAST 12 MONTHS (IN 2016 INFLATION-ADJUSTED DOLLARS),,,,,,,,,,,INDIVIDUAL INCOME IN THE PAST 12 MONTHS (IN 2015 INFLATION-ADJUSTED DOLLARS),,,,,,,,,,,INDIVIDUAL INCOME IN THE PAST 12 MONTHS (IN 2014 INFLATION-ADJUSTED DOLLARS),,,,,,,,,,,INDIVIDUAL INCOME IN THE PAST 12 MONTHS (IN 2013 INFLATION-ADJUSTED DOLLARS),,,,,,,,,,,INDIVIDUAL INCOME IN THE PAST 12 MONTHS (IN 2012 INFLATION-ADJUSTED DOLLARS),,,,,,,,,,,INDIVIDUAL INCOME IN THE PAST 12 MONTHS (IN 2011 INFLATION-ADJUSTED DOLLARS),,,,,,,,,,,INDIVIDUAL INCOME IN THE PAST 12 MONTHS (IN 2010 INFLATION-ADJUSTED DOLLARS),,,,,,,,,,
    Population 15 years and over,"18,251,571","±4,332",6.90%,±0.1,3.10%,±0.1,3.20%,±0.1,0.60%,±0.1,    Population 15 years and over,"17,964,694","±4,571",7.90%,±0.2,3.10%,±0.1,2.90%,±0.1,0.90%,±0.1,    Population 15 years and over,"17,791,739","±5,407",8.00%,±0.2,3.20%,±0.1,2.80%,±0.1,1.00%,±0.1,    Population 15 years and over,"17,514,198","±4,283",8.10%,±0.2,3.20%,±0.1,2.80%,±0.1,1.20%,±0.1,    Population 15 years and over,"17,195,240","±5,550",8.30%,±0.2,3.10%,±0.1,3.00%,±0.1,1.20%,±0.1,    Population 15 years and over,"16,889,179","±3,724",8.50%,±0.2,3.20%,±0.1,3.00%,±0.1,1.10%,±0.1,    Population 15 years and over,"16,544,829","±3,434",8.90%,±0.2,3.20%,±0.1,2.80%,±0.1,1.00%,±0.1,    Population 15 years and over,"16,226,496","±3,939",9.00%,±0.2,3.10%,±0.1,2.80%,±0.1,0.90%,±0.1,    Population 15 years and over,"16,016,557","±3,446",8.90%,±0.2,3.00%,±0.1,2.80%,±0.1,0.80%,±0.1,    Population 15 years and over,"15,770,265","±5,407",9.40%,±0.2,3.00%,±0.1,2.70%,±0.1,0.90%,±0.1,    Population 15 years and over,"15,555,825","±4,678",9.70%,±0.2,3.00%,±0.1,2.60%,±0.1,0.80%,±0.1
"        $1 to $9,999 or loss","2,330,955","±30,842",6.80%,±0.4,4.20%,±0.3,3.30%,±0.2,0.90%,±0.1,"        $1 to $9,999 or loss","2,465,780","±32,877",8.20%,±0.4,3.70%,±0.2,3.30%,±0.3,1.30%,±0.2,"        $1 to $9,999 or loss","2,589,296","±26,906",8.30%,±0.4,3.80%,±0.2,3.20%,±0.2,1.60%,±0.2,"        $1 to $9,999 or loss","2,610,484","±26,638",8.50%,±0.4,3.90%,±0.2,3.10%,±0.2,1.60%,±0.2,"        $1 to $9,999 or loss","2,667,884","±31,124",9.00%,±0.4,4.00%,±0.2,3.40%,±0.2,1.70%,±0.2,"        $1 to $9,999 or loss","2,673,310","±26,384",9.30%,±0.4,4.30%,±0.3,3.30%,±0.2,1.50%,±0.2,"        $1 to $9,999 or loss","2,767,278","±25,987",10.20%,±0.3,4.20%,±0.2,3.30%,±0.2,1.40%,±0.2,"        $1 to $9,999 or loss","2,837,619","±28,364",10.70%,±0.4,4.10%,±0.2,3.40%,±0.2,1.20%,±0.1,"    $1 to $9,999 or loss","2,861,733","±32,413",10.40%,±0.3,3.90%,±0.2,3.30%,±0.2,1.00%,±0.1,"    $1 to $9,999 or loss","2,841,390","±30,170",10.80%,±0.4,4.00%,±0.2,3.10%,±0.2,1.20%,±0.2,"    $1 to $9,999 or loss","2,835,600","±31,165",11.20%,±0.4,3.90%,±0.2,3.10%,±0.2,1.00%,±0.1
"        $10,000 to $14,999","1,503,944","±26,741",6.60%,±0.5,2.60%,±0.3,2.90%,±0.3,0.60%,±0.1,"        $10,000 to $14,999","1,546,430","±22,921",7.50%,±0.5,2.80%,±0.3,2.90%,±0.3,0.90%,±0.2,"        $10,000 to $14,999","1,596,120","±23,398",7.40%,±0.5,2.80%,±0.3,2.80%,±0.3,0.80%,±0.2,"        $10,000 to $14,999","1,602,520","±21,127",7.90%,±0.4,2.90%,±0.3,3.10%,±0.3,1.00%,±0.1,"        $10,000 to $14,999","1,648,377","±25,197",8.40%,±0.5,2.60%,±0.3,3.20%,±0.3,0.90%,±0.2,"        $10,000 to $14,999","1,656,712","±21,416",8.70%,±0.4,2.60%,±0.2,3.00%,±0.3,0.80%,±0.1,"        $10,000 to $14,999","1,644,887","±20,037",9.40%,±0.5,2.50%,±0.2,2.70%,±0.2,0.70%,±0.1,"        $10,000 to $14,999","1,658,163","±24,480",9.60%,±0.5,2.80%,±0.3,3.10%,±0.2,0.70%,±0.2,"    $10,000 to $14,999","1,658,362","±21,869",9.60%,±0.5,3.00%,±0.3,2.90%,±0.2,0.70%,±0.1,"    $10,000 to $14,999","1,634,190","±23,806",9.90%,±0.6,2.50%,±0.3,2.70%,±0.3,0.50%,±0.1,"    $10,000 to $14,999","1,648,675","±26,305",10.70%,±0.5,2.90%,±0.3,2.60%,±0.2,0.70%,±0.2
"        $15,000 to $24,999","2,415,957","±28,768",7.00%,±0.3,2.80%,±0.2,2.90%,±0.2,0.50%,±0.1,"        $15,000 to $24,999","2,676,821","±31,346",8.40%,±0.4,2.90%,±0.2,2.60%,±0.2,0.80%,±0.1,"        $15,000 to $24,999","2,778,018","±30,935",8.40%,±0.3,2.90%,±0.2,2.70%,±0.2,0.80%,±0.1,"        $15,000 to $24,999","2,813,927","±34,714",8.90%,±0.4,2.90%,±0.2,2.60%,±0.2,0.90%,±0.1,"        $15,000 to $24,999","2,791,741","±31,335",9.10%,±0.4,2.70%,±0.2,2.80%,±0.2,0.80%,±0.1,"        $15,000 to $24,999","2,728,704","±26,373",9.20%,±0.3,2.80%,±0.2,2.80%,±0.2,0.60%,±0.1,"        $15,000 to $24,999","2,693,540","±28,593",9.80%,±0.4,2.70%,±0.2,2.70%,±0.2,0.60%,±0.1,"        $15,000 to $24,999","2,584,434","±28,146",9.50%,±0.4,2.70%,±0.2,2.80%,±0.2,0.50%,±0.1,"    $15,000 to $24,999","2,532,342","±25,399",10.00%,±0.4,2.70%,±0.2,2.80%,±0.2,0.50%,±0.1,"    $15,000 to $24,999","2,516,920","±32,034",10.40%,±0.5,2.60%,±0.2,2.70%,±0.2,0.50%,±0.1,"    $15,000 to $24,999","2,461,417","±23,443",10.90%,±0.4,2.60%,±0.2,2.90%,±0.2,0.50%,±0.1
"        $25,000 to $34,999","2,181,349","±28,246",7.60%,±0.5,2.90%,±0.2,2.80%,±0.2,0.40%,±0.1,"        $25,000 to $34,999","2,253,948","±30,950",9.00%,±0.4,2.80%,±0.2,2.70%,±0.2,0.40%,±0.1,"        $25,000 to $34,999","2,164,328","±28,857",8.80%,±0.4,3.20%,±0.3,2.30%,±0.2,0.60%,±0.1,"        $25,000 to $34,999","2,085,998","±25,375",8.50%,±0.4,3.00%,±0.2,2.60%,±0.2,0.60%,±0.1,"        $25,000 to $34,999","2,030,762","±26,083",9.30%,±0.4,2.70%,±0.2,2.90%,±0.2,0.60%,±0.1,"        $25,000 to $34,999","1,994,348","±23,858",9.30%,±0.5,2.80%,±0.2,2.90%,±0.3,0.60%,±0.1,"        $25,000 to $34,999","1,917,310","±23,244",9.80%,±0.5,2.90%,±0.2,2.70%,±0.2,0.60%,±0.1,"        $25,000 to $34,999","1,876,135","±21,815",9.60%,±0.5,2.70%,±0.3,2.50%,±0.2,0.40%,±0.1,"    $25,000 to $34,999","1,814,040","±23,700",9.60%,±0.4,2.40%,±0.2,2.40%,±0.2,0.40%,±0.1,"    $25,000 to $34,999","1,794,880","±27,620",10.00%,±0.6,2.50%,±0.3,2.50%,±0.3,0.60%,±0.2,"    $25,000 to $34,999","1,780,883","±23,485",10.20%,±0.5,2.70%,±0.2,2.40%,±0.2,0.60%,±0.1
"        $35,000 to $49,999","2,332,659","±29,252",7.10%,±0.4,2.70%,±0.2,2.70%,±0.2,0.30%,±0.1,"        $35,000 to $49,999","2,283,858","±29,880",8.70%,±0.4,2.80%,±0.2,2.90%,±0.3,0.40%,±0.1,"        $35,000 to $49,999","2,156,759","±34,930",8.30%,±0.4,2.70%,±0.2,2.50%,±0.2,0.40%,±0.1,"        $35,000 to $49,999","2,144,649","±20,731",8.60%,±0.4,2.70%,±0.2,2.50%,±0.2,0.50%,±0.1,"        $35,000 to $49,999","2,052,533","±24,920",8.30%,±0.4,2.70%,±0.2,2.90%,±0.2,0.40%,±0.1,"        $35,000 to $49,999","1,990,207","±22,346",8.60%,±0.5,2.80%,±0.2,2.80%,±0.2,0.50%,±0.1,"        $35,000 to $49,999","1,893,261","±21,405",8.60%,±0.4,2.70%,±0.3,2.90%,±0.3,0.60%,±0.1,"        $35,000 to $49,999","1,827,758","±23,286",8.40%,±0.4,2.50%,±0.2,2.60%,±0.3,0.50%,±0.1,"    $35,000 to $49,999","1,824,913","±23,175",8.10%,±0.4,2.30%,±0.2,2.60%,±0.2,0.40%,±0.1,"    $35,000 to $49,999","1,763,228","±25,252",8.60%,±0.5,2.60%,±0.3,2.50%,±0.3,0.50%,±0.1,"    $35,000 to $49,999","1,760,541","±24,168",9.10%,±0.4,2.40%,±0.2,2.20%,±0.2,0.40%,±0.1
"        $50,000 to $64,999","1,659,938","±26,970",7.40%,±0.5,2.90%,±0.3,2.90%,±0.3,0.30%,±0.1,"        $50,000 to $64,999","1,477,292","±27,010",7.80%,±0.5,2.70%,±0.3,3.00%,±0.3,0.40%,±0.1,"        $50,000 to $64,999","1,425,305","±23,353",8.40%,±0.4,2.80%,±0.3,2.90%,±0.3,0.50%,±0.1,"        $50,000 to $64,999","1,333,611","±19,887",7.60%,±0.5,2.70%,±0.3,2.90%,±0.3,0.60%,±0.1,"        $50,000 to $64,999","1,257,697","±18,229",7.50%,±0.4,2.70%,±0.2,3.20%,±0.3,0.60%,±0.1,"        $50,000 to $64,999","1,216,105","±15,292",7.70%,±0.4,2.80%,±0.3,3.30%,±0.3,0.50%,±0.1,"        $50,000 to $64,999","1,146,942","±18,767",7.10%,±0.4,2.40%,±0.2,2.80%,±0.2,0.40%,±0.1,"        $50,000 to $64,999","1,084,343","±19,138",7.20%,±0.5,2.70%,±0.3,2.30%,±0.3,0.60%,±0.1,"    $50,000 to $64,999","1,069,672","±16,007",6.60%,±0.4,1.90%,±0.2,2.60%,±0.2,0.60%,±0.1,"    $50,000 to $64,999","1,064,381","±20,421",7.20%,±0.6,2.60%,±0.4,2.40%,±0.3,0.50%,±0.2,"    $50,000 to $64,999","1,027,062","±16,397",6.80%,±0.5,2.20%,±0.3,2.20%,±0.3,0.40%,±0.1
"        $65,000 to $74,999","673,017","±16,378",6.70%,±0.7,2.70%,±0.4,3.90%,±0.6,0.20%,±0.1,"        $65,000 to $74,999","603,447","±15,919",6.80%,±0.6,2.80%,±0.5,2.70%,±0.4,0.50%,±0.2,"        $65,000 to $74,999","570,099","±14,648",7.40%,±0.7,2.90%,±0.5,3.10%,±0.4,0.40%,±0.1,"        $65,000 to $74,999","530,299","±13,539",6.50%,±0.5,2.20%,±0.4,3.30%,±0.4,0.40%,±0.2,"        $65,000 to $74,999","490,486","±12,425",6.90%,±0.6,2.20%,±0.4,2.60%,±0.4,0.50%,±0.2,"        $65,000 to $74,999","463,018","±11,969",7.00%,±0.6,2.90%,±0.4,3.20%,±0.4,0.60%,±0.2,"        $65,000 to $74,999","433,164","±11,192",6.50%,±0.7,2.60%,±0.4,2.90%,±0.4,0.60%,±0.2,"        $65,000 to $74,999","422,997","±13,005",7.10%,±0.8,2.20%,±0.5,2.50%,±0.4,0.50%,±0.2,"    $65,000 to $74,999","408,762","±10,385",5.70%,±0.6,2.00%,±0.4,3.10%,±0.5,0.30%,±0.1,"    $65,000 to $74,999","387,752","±12,328",6.00%,±0.7,2.10%,±0.6,2.30%,±0.4,0.40%,±0.2,"    $65,000 to $74,999","377,853","±9,228",6.10%,±0.7,1.50%,±0.4,2.80%,±0.5,0.20%,±0.1
"        $75,000 or more","2,670,457","±34,124",5.90%,±0.3,2.50%,±0.2,4.20%,±0.3,0.40%,±0.1,"        $75,000 or more","2,246,569","±26,135",6.30%,±0.3,2.20%,±0.2,3.50%,±0.2,0.50%,±0.1,"        $75,000 or more","2,033,130","±25,461",6.30%,±0.3,2.20%,±0.2,3.60%,±0.2,0.60%,±0.1,"        $75,000 or more","1,855,075","±19,746",6.50%,±0.3,2.40%,±0.2,3.50%,±0.2,0.60%,±0.1,"        $75,000 or more","1,708,997","±20,797",6.10%,±0.3,2.20%,±0.2,3.70%,±0.3,0.50%,±0.1,"        $75,000 or more","1,587,210","±20,265",6.40%,±0.4,2.00%,±0.2,3.60%,±0.2,0.60%,±0.1,"        $75,000 or more","1,479,729","±18,735",6.10%,±0.3,2.10%,±0.2,3.10%,±0.2,0.70%,±0.2,"        $75,000 or more","1,382,381","±18,998",5.90%,±0.4,1.70%,±0.2,3.10%,±0.3,0.60%,±0.1,"    $75,000 or more","1,328,720","±18,542",5.50%,±0.4,1.90%,±0.2,3.00%,±0.3,0.60%,±0.1,"    $75,000 or more","1,243,238","±20,899",5.30%,±0.3,1.50%,±0.2,2.90%,±0.3,0.70%,±0.2,"    $75,000 or more","1,191,562","±16,535",4.80%,±0.4,1.70%,±0.2,2.80%,±0.3,0.50%,±0.1
        Median income (dollars),"31,879",±143,"31,334",±544,"29,811","±1,259","34,821","±1,663","21,365","±1,808",        Median income (dollars),"29,758",±253,"28,428",±950,"26,205",±642,"30,439",±759,"17,488","±1,840",        Median income (dollars),"27,544",±232,"26,771",±413,"25,388","±1,060","27,997","±1,707","16,830","±1,408",Median income (dollars),"26,667",±128,"25,438",±495,"23,703","±1,096","26,834",±860,"17,005","±1,207",Median income (dollars),"25,805",±152,"23,914",±645,"22,292",±684,"25,834",±932,"15,222","±2,044",Median income (dollars),"25,364",±126,"23,458",±545,"21,631",±920,"25,848",±851,"16,056","±1,395",Median income (dollars),"24,405",±158,"21,572",±317,"20,965",±652,"23,888","±1,081","16,353","±1,390",Median income (dollars),"23,749",±168,"20,762",±385,"19,127","±1,345","21,463",±648,"15,661","±1,727",Median income (dollars),"23,387",±172,"20,413",±363,"18,062",±909,"21,538",±601,"16,245","±1,679",Median income (dollars),"23,173",±195,"20,168",±440,"18,528","±1,138","21,568",±844,"16,340","±2,285",Median income (dollars),"22,729",±182,"19,767",±493,"17,915","±1,025","20,464",±574,"15,037","±2,403"
POVERTY STATUS IN THE PAST 12 MONTHS,,,,,,,,,,,POVERTY STATUS IN THE PAST 12 MONTHS,,,,,,,,,,,POVERTY STATUS IN THE PAST 12 MONTHS,,,,,,,,,,,POVERTY STATUS IN THE PAST 12 MONTHS,,,,,,,,,,,POVERTY STATUS IN THE PAST 12 MONTHS,,,,,,,,,,,POVERTY STATUS IN THE PAST 12 MONTHS,,,,,,,,,,,POVERTY STATUS IN THE PAST 12 MONTHS,,,,,,,,,,,POVERTY STATUS IN THE PAST 12 MONTHS,,,,,,,,,,,POVERTY STATUS IN THE PAST 12 MONTHS,,,,,,,,,,,POVERTY STATUS IN THE PAST 12 MONTHS,,,,,,,,,,,POVERTY STATUS IN THE PAST 12 MONTHS,,,,,,,,,,
    Population 1 year and over for whom poverty status is determined,"21,183,037","±11,179",6.90%,±0.2,2.80%,±0.1,3.00%,±0.1,0.60%,±0.1,    Population 1 year and over for whom poverty status is determined,"20,846,871","±10,143",8.00%,±0.2,2.70%,±0.1,2.80%,±0.1,0.90%,±0.1,    Population 1 year and over for whom poverty status is determined,"20,682,512","±9,371",8.10%,±0.2,2.80%,±0.1,2.70%,±0.1,1.00%,±0.1,    Population 1 year and over for whom poverty status is determined,"20,362,348","±9,728",8.20%,±0.2,2.80%,±0.1,2.60%,±0.1,1.20%,±0.1,    Population 1 year and over for whom poverty status is determined,"19,983,972","±9,303",8.50%,±0.2,2.60%,±0.1,2.90%,±0.1,1.10%,±0.1,    Population 1 year and over for whom poverty status is determined,"19,651,484","±9,752",8.80%,±0.2,2.80%,±0.1,2.80%,±0.1,1.10%,±0.1,    Population 1 year and over for whom poverty status is determined,"19,264,523","±9,552",9.10%,±0.2,2.70%,±0.1,2.70%,±0.1,1.00%,±0.1,    Population 1 year and over for whom poverty status is determined,"18,924,592","±11,231",9.30%,±0.2,2.70%,±0.1,2.60%,±0.1,0.90%,±0.1,    Population 1 year and over for whom poverty status is determined,"18,711,640","±8,584",9.30%,±0.2,2.50%,±0.1,2.70%,±0.1,0.90%,±0.1,    Population 1 year and over for whom poverty status is determined,"18,460,050","±10,551",9.90%,±0.3,2.50%,±0.1,2.50%,±0.1,0.90%,±0.1,    Population 1 year and over for whom poverty status is determined,"18,242,602","±9,328",10.10%,±0.2,2.50%,±0.1,2.50%,±0.1,0.80%,±0.1
        Below 100 percent of the poverty level,"2,766,864","±48,861",8.90%,±0.6,4.20%,±0.4,3.20%,±0.4,1.40%,±0.2,        Below 100 percent of the poverty level,"2,624,479","±54,055",10.30%,±0.6,4.00%,±0.4,2.90%,±0.3,2.70%,±0.3,        Below 100 percent of the poverty level,"2,798,942","±47,244",11.50%,±0.6,3.80%,±0.3,3.00%,±0.3,2.60%,±0.3,        Below 100 percent of the poverty level,"2,840,696","±57,333",11.10%,±0.6,3.90%,±0.4,2.60%,±0.3,2.80%,±0.4,        Below 100 percent of the poverty level,"2,919,665","±47,648",11.70%,±0.6,3.90%,±0.3,3.10%,±0.3,2.60%,±0.3,        Below 100 percent of the poverty level,"3,063,213","±46,846",12.50%,±0.7,3.90%,±0.3,2.90%,±0.3,2.20%,±0.2,        Below 100 percent of the poverty level,"3,157,649","±58,443",13.90%,±0.5,3.80%,±0.3,2.70%,±0.2,2.10%,±0.2,        Below 100 percent of the poverty level,"3,196,369","±58,821",14.30%,±0.6,4.00%,±0.2,2.80%,±0.3,1.70%,±0.2,    Below 100 percent of the poverty level,"3,177,667","±48,044",15.50%,±0.7,4.30%,±0.4,3.20%,±0.3,1.80%,±0.3,    Below 100 percent of the poverty level,"3,122,463","±52,305",16.60%,±0.7,3.90%,±0.3,3.20%,±0.3,1.70%,±0.2,    Below 100 percent of the poverty level,"2,996,627","±40,616",17.30%,±0.8,4.00%,±0.4,3.10%,±0.3,1.70%,±0.2
        100 to 149 percent of the poverty level,"1,870,905","±53,221",8.20%,±0.8,2.90%,±0.4,2.40%,±0.4,1.00%,±0.3,        100 to 149 percent of the poverty level,"1,905,323","±46,217",9.60%,±0.7,2.50%,±0.4,2.20%,±0.4,1.20%,±0.2,        100 to 149 percent of the poverty level,"1,965,032","±46,964",9.70%,±0.7,2.90%,±0.4,2.40%,±0.3,1.40%,±0.3,        100 to 149 percent of the poverty level,"2,027,999","±42,367",9.70%,±0.7,3.00%,±0.4,2.20%,±0.3,1.40%,±0.3,        100 to 149 percent of the poverty level,"2,113,253","±41,066",10.40%,±0.6,2.50%,±0.3,2.80%,±0.4,1.30%,±0.3,        100 to 149 percent of the poverty level,"2,090,529","±43,977",10.50%,±0.8,3.10%,±0.4,2.10%,±0.3,1.20%,±0.2,        100 to 149 percent of the poverty level,"2,108,418","±45,130",11.00%,±0.6,2.90%,±0.4,2.50%,±0.3,0.90%,±0.2,        100 to 149 percent of the poverty level,"2,024,613","±42,275",11.20%,±0.7,3.20%,±0.4,2.30%,±0.3,1.00%,±0.3,    100 to 149 percent of the poverty level,"2,113,545","±43,850",11.50%,±0.8,2.80%,±0.3,2.40%,±0.3,1.00%,±0.2,    100 to 149 percent of the poverty level,"2,057,616","±46,515",13.00%,±0.8,2.50%,±0.4,2.50%,±0.4,0.90%,±0.2,    100 to 149 percent of the poverty level,"1,934,243","±39,022",13.00%,±0.6,2.50%,±0.3,2.20%,±0.3,1.00%,±0.2
        At or above 150 percent of the poverty level,"16,545,268","±67,228",6.50%,±0.2,2.60%,±0.1,3.10%,±0.1,0.50%,±0.1,        At or above 150 percent of the poverty level,"16,317,069","±65,831",7.40%,±0.2,2.50%,±0.1,2.80%,±0.1,0.60%,±0.1,        At or above 150 percent of the poverty level,"15,918,538","±65,036",7.40%,±0.2,2.60%,±0.1,2.70%,±0.1,0.70%,±0.1,        At or above 150 percent of the poverty level,"15,493,653","±70,247",7.50%,±0.2,2.50%,±0.1,2.70%,±0.1,0.90%,±0.1,        At or above 150 percent of the poverty level,"14,951,054","±57,273",7.60%,±0.2,2.40%,±0.1,2.90%,±0.1,0.80%,±0.1,        At or above 150 percent of the poverty level,"14,497,742","±59,180",7.80%,±0.2,2.50%,±0.1,2.90%,±0.1,0.80%,±0.1,        At or above 150 percent of the poverty level,"13,998,456","±67,219",7.70%,±0.2,2.40%,±0.1,2.70%,±0.1,0.80%,±0.1,        At or above 150 percent of the poverty level,"13,703,610","±62,118",7.80%,±0.2,2.30%,±0.1,2.60%,±0.1,0.70%,±0.1,    At or above 150 percent of the poverty level,"13,420,428","±58,051",7.50%,±0.2,2.10%,±0.1,2.70%,±0.1,0.60%,±0.1,    At or above 150 percent of the poverty level,"13,279,971","±60,392",7.80%,±0.3,2.20%,±0.1,2.40%,±0.1,0.70%,±0.1,    At or above 150 percent of the poverty level,"13,311,732","±55,216",8.00%,±0.2,2.20%,±0.1,2.40%,±0.1,0.60%,±0.1
HOUSING TENURE,,,,,,,,,,,HOUSING TENURE,,,,,,,,,,,HOUSING TENURE,,,,,,,,,,,HOUSING TENURE,,,,,,,,,,,HOUSING TENURE,,,,,,,,,,,HOUSING TENURE,,,,,,,,,,,HOUSING TENURE,,,,,,,,,,,HOUSING TENURE,,,,,,,,,,,HOUSING TENURE,,,,,,,,,,,HOUSING TENURE,,,,,,,,,,,HOUSING TENURE,,,,,,,,,,
    Population 1 year and over in housing units,"21,178,225","±8,058",6.90%,±0.2,2.80%,±0.1,3.00%,±0.1,0.60%,±0.1,    Population 1 year and over in housing units,"20,839,700","±9,226",8.00%,±0.2,2.60%,±0.1,2.70%,±0.1,0.90%,±0.1,    Population 1 year and over in housing units,"20,662,745","±8,361",8.10%,±0.2,2.80%,±0.1,2.70%,±0.1,1.00%,±0.1,    Population 1 year and over in housing units,"20,344,787","±8,073",8.20%,±0.2,2.70%,±0.1,2.60%,±0.1,1.20%,±0.1,    Population 1 year and over in housing units,"19,968,183","±7,842",8.50%,±0.2,2.60%,±0.1,2.90%,±0.1,1.10%,±0.1,    Population 1 year and over in housing units,"19,637,960","±6,485",8.80%,±0.2,2.70%,±0.1,2.80%,±0.1,1.00%,±0.1,    Population 1 year and over in housing units,"19,252,300","±7,910",9.10%,±0.2,2.70%,±0.1,2.70%,±0.1,1.00%,±0.1,    Population 1 year and over in housing units,"18,919,179","±7,799",9.30%,±0.2,2.70%,±0.1,2.60%,±0.1,0.90%,±0.1,    Population 1 year and over in housing units,"18,689,490","±6,877",9.30%,±0.2,2.50%,±0.1,2.70%,±0.1,0.90%,±0.1,    Population 1 year and over in housing units,"18,442,356","±8,543",9.80%,±0.3,2.50%,±0.1,2.50%,±0.1,0.90%,±0.1,    Population 1 year and over in housing units,"18,225,891","±7,733",10.10%,±0.2,2.50%,±0.1,2.50%,±0.1,0.80%,±0.1
        Householder lived in owner-occupied housing units,"14,483,276","±75,641",4.50%,±0.2,2.00%,±0.1,2.40%,±0.1,0.40%,±0.1,        Householder lived in owner-occupied housing units,"13,854,415","±82,414",4.80%,±0.2,1.80%,±0.1,2.20%,±0.1,0.60%,±0.1,        Householder lived in owner-occupied housing units,"13,611,613","±82,589",4.80%,±0.2,2.00%,±0.1,2.10%,±0.1,0.60%,±0.1,        Householder lived in owner-occupied housing units,"13,200,134","±74,943",5.00%,±0.2,1.90%,±0.1,2.00%,±0.1,0.70%,±0.1,        Householder lived in owner-occupied housing units,"12,721,641","±64,088",4.90%,±0.2,1.80%,±0.1,2.20%,±0.1,0.60%,±0.1,        Householder lived in owner-occupied housing units,"12,434,521","±65,971",4.80%,±0.2,1.70%,±0.1,2.10%,±0.1,0.70%,±0.1,        Householder lived in owner-occupied housing units,"12,234,061","±66,520",4.30%,±0.1,1.50%,±0.1,1.80%,±0.1,0.60%,±0.1,        Householder lived in owner-occupied housing units,"12,166,097","±65,658",4.30%,±0.2,1.40%,±0.1,1.70%,±0.1,0.60%,±0.1,    Householder lived in owner-occupied housing units,"12,218,453","±58,625",3.90%,±0.2,1.30%,±0.1,1.60%,±0.1,0.50%,±0.1,    Householder lived in owner-occupied housing units,"12,291,643","±78,159",3.70%,±0.2,1.20%,±0.1,1.50%,±0.1,0.60%,±0.1,    Householder lived in owner-occupied housing units,"12,421,033","±60,338",3.80%,±0.1,1.30%,±0.1,1.50%,±0.1,0.50%,±0.1
        Householder lived in renter-occupied housing units,"6,694,949","±74,894",12.20%,±0.4,4.40%,±0.2,4.40%,±0.3,1.10%,±0.1,        Householder lived in renter-occupied housing units,"6,985,285","±82,227",14.30%,±0.5,4.30%,±0.2,3.90%,±0.3,1.70%,±0.2,        Householder lived in renter-occupied housing units,"7,051,132","±82,642",14.50%,±0.5,4.20%,±0.2,3.90%,±0.2,1.90%,±0.2,        Householder lived in renter-occupied housing units,"7,144,653","±75,932",14.10%,±0.5,4.30%,±0.2,3.80%,±0.2,2.20%,±0.2,        Householder lived in renter-occupied housing units,"7,246,542","±64,307",14.80%,±0.4,4.00%,±0.2,4.10%,±0.2,2.00%,±0.2,        Householder lived in renter-occupied housing units,"7,203,439","±65,106",15.80%,±0.5,4.50%,±0.2,4.10%,±0.2,1.70%,±0.2,        Householder lived in renter-occupied housing units,"7,018,239","±65,795",17.40%,±0.4,4.70%,±0.2,4.20%,±0.2,1.60%,±0.2,        Householder lived in renter-occupied housing units,"6,753,082","±65,989",18.30%,±0.5,5.00%,±0.2,4.20%,±0.3,1.40%,±0.1,    Householder lived in renter-occupied housing units,"6,471,037","±58,447",19.40%,±0.5,4.70%,±0.3,4.70%,±0.3,1.50%,±0.2,    Householder lived in renter-occupied housing units,"6,150,713","±78,102",22.10%,±0.7,5.20%,±0.3,4.50%,±0.3,1.50%,±0.2,    Householder lived in renter-occupied housing units,"5,804,858","±59,928",23.40%,±0.6,5.20%,±0.3,4.50%,±0.3,1.40%,±0.2
PERCENT ALLOCATED,,,,,,,,,,,PERCENT ALLOCATED,,,,,,,,,,,PERCENT ALLOCATED,,,,,,,,,,,PERCENT ALLOCATED,,,,,,,,,,,PERCENT ALLOCATED,,,,,,,,,,,PERCENT IMPUTED,,,,,,,,,,,PERCENT IMPUTED,,,,,,,,,,,PERCENT IMPUTED,,,,,,,,,,,PERCENT IMPUTED,,,,,,,,,,,PERCENT IMPUTED,,,,,,,,,,,PERCENT IMPUTED,,,,,,,,,,
    Residence 1 year ago,11.90%,(X),(X),(X),(X),(X),(X),(X),(X),(X),    Residence 1 year ago,9.50%,(X),(X),(X),(X),(X),(X),(X),(X),(X),    Residence 1 year ago,9.20%,(X),(X),(X),(X),(X),(X),(X),(X),(X),    Residence 1 year ago,8.60%,(X),(X),(X),(X),(X),(X),(X),(X),(X),    Residence 1 year ago,7.90%,(X),(X),(X),(X),(X),(X),(X),(X),(X),    Residence 1 year ago,7.90%,(X),(X),(X),(X),(X),(X),(X),(X),(X),    Residence 1 year ago,7.40%,(X),(X),(X),(X),(X),(X),(X),(X),(X),    Residence 1 year ago,7.30%,(X),(X),(X),(X),(X),(X),(X),(X),(X),    Residence 1 year ago,5.40%,(X),(X),(X),(X),(X),(X),(X),(X),(X),    Residence 1 year ago,4.90%,(X),(X),(X),(X),(X),(X),(X),(X),(X),    Residence 1 year ago,5.00%,(X),(X),(X),(X),(X),(X),(X),(X),(X)
